Workbook

Sheet Summary
A1: Vision models that could paint, priced on OpenRouter (2026-09-28)
A3: set | B3: models | C3: light $ | D3: typical $ | E3: heavy $ | F3: one pass $ | G3: three passes $
A4: Latest | B4: 47 | C4: ='Latest (47)'!K50 | D4: ='Latest (47)'!L50 | E4: ='Latest (47)'!M50 | F4: ='Latest (47)'!N50 | G4: ='Latest (47)'!O50
A5: Present & past | B5: 156 | C5: ='Present & past (156)'!K159 | D5: ='Present & past (156)'!L159 | E5: ='Present & past (156)'!M159 | F5: ='Present & past (156)'!N159 | G5: ='Present & past (156)'!O159
A6: Sum of both | B6: =B4+B5 | C6: =C4+C5 | D6: =D4+D5 | E6: =E4+E5 | F6: =F4+F5 | G6: =G4+G5
A8: One pass = one light, one typical and one heavy painting per model (4 sittings each; profiles on the Profiles sheet).
A9: Latest: the newest model per line released since 2026-03-28. Present & past: every version still on OpenRouter.
A10: Both: images in, tool calls, interactive; no routers or orchestrators (Unbiased's Pareto, an ensemble, kept on purpose);
A11: no OpenAI Pro models; no image-generation models. The sum counts the latest models twice (they're in both sets).
A12: Cost = prompt x (8% input + 89% cache read + 3% cache write) + output + images, at list prices; no cache price = input price.
A13: Ballpark: x0.5 to x2 (tokenizers, image tokens and thinking length differ). If caching fails, x3 to x5.
A14: Source: https://openrouter.ai/api/v1/models (fetched 2026-09-28); token profiles from our session logs.
A15: Yellow rows: models we have painted with.

Sheet Latest (47)
A1: # | B1: model | C1: released | D1: note | E1: painted with it | F1: $/M input | G1: $/M output | H1: $/M cache read | I1: $/M cache write | J1: $/image | K1: light $ | L1: typical $ | M1: heavy $ | N1: one pass $ | O1: three passes $
A2: 1 | B2: openai/gpt-6-astra | C2: 2026-09-04 | E2: yes | F2: 10 | G2: 50 | H2: 1 | I2: 12.5 | K2: =(Profiles!$B$3*(Profiles!$B$9*F2+Profiles!$B$8*IF(H2="",F2,H2)+Profiles!$B$10*IF(I2="",F2,I2))+Profiles!$C$3*G2)/1000000+Profiles!$D$3*IF(J2="",0,J2) | L2: =(Profiles!$B$4*(Profiles!$B$9*F2+Profiles!$B$8*IF(H2="",F2,H2)+Profiles!$B$10*IF(I2="",F2,I2))+Profiles!$C$4*G2)/1000000+Profiles!$D$4*IF(J2="",0,J2) | M2: =(Profiles!$B$5*(Profiles!$B$9*F2+Profiles!$B$8*IF(H2="",F2,H2)+Profiles!$B$10*IF(I2="",F2,I2))+Profiles!$C$5*G2)/1000000+Profiles!$D$5*IF(J2="",0,J2) | N2: =K2+L2+M2 | O2: =3*N2
A3: 2 | B3: anthropic/claude-fable-5.1 | C3: 2026-09-01 | E3: yes | F3: 10 | G3: 50 | H3: 0.25 | I3: 12.5 | K3: =(Profiles!$B$3*(Profiles!$B$9*F3+Profiles!$B$8*IF(H3="",F3,H3)+Profiles!$B$10*IF(I3="",F3,I3))+Profiles!$C$3*G3)/1000000+Profiles!$D$3*IF(J3="",0,J3) | L3: =(Profiles!$B$4*(Profiles!$B$9*F3+Profiles!$B$8*IF(H3="",F3,H3)+Profiles!$B$10*IF(I3="",F3,I3))+Profiles!$C$4*G3)/1000000+Profiles!$D$4*IF(J3="",0,J3) | M3: =(Profiles!$B$5*(Profiles!$B$9*F3+Profiles!$B$8*IF(H3="",F3,H3)+Profiles!$B$10*IF(I3="",F3,I3))+Profiles!$C$5*G3)/1000000+Profiles!$D$5*IF(J3="",0,J3) | N3: =K3+L3+M3 | O3: =3*N3
A4: 3 | B4: qwen/qwen3.8-max-prime | C4: 2026-09-23 | F4: 4 | G4: 12 | H4: 0.5 | K4: =(Profiles!$B$3*(Profiles!$B$9*F4+Profiles!$B$8*IF(H4="",F4,H4)+Profiles!$B$10*IF(I4="",F4,I4))+Profiles!$C$3*G4)/1000000+Profiles!$D$3*IF(J4="",0,J4) | L4: =(Profiles!$B$4*(Profiles!$B$9*F4+Profiles!$B$8*IF(H4="",F4,H4)+Profiles!$B$10*IF(I4="",F4,I4))+Profiles!$C$4*G4)/1000000+Profiles!$D$4*IF(J4="",0,J4) | M4: =(Profiles!$B$5*(Profiles!$B$9*F4+Profiles!$B$8*IF(H4="",F4,H4)+Profiles!$B$10*IF(I4="",F4,I4))+Profiles!$C$5*G4)/1000000+Profiles!$D$5*IF(J4="",0,J4) | N4: =K4+L4+M4 | O4: =3*N4
A5: 4 | B5: anthropic/claude-opus-5.5 | C5: 2026-09-22 | E5: yes | F5: 4 | G5: 20 | H5: 0.2 | I5: 5 | K5: =(Profiles!$B$3*(Profiles!$B$9*F5+Profiles!$B$8*IF(H5="",F5,H5)+Profiles!$B$10*IF(I5="",F5,I5))+Profiles!$C$3*G5)/1000000+Profiles!$D$3*IF(J5="",0,J5) | L5: =(Profiles!$B$4*(Profiles!$B$9*F5+Profiles!$B$8*IF(H5="",F5,H5)+Profiles!$B$10*IF(I5="",F5,I5))+Profiles!$C$4*G5)/1000000+Profiles!$D$4*IF(J5="",0,J5) | M5: =(Profiles!$B$5*(Profiles!$B$9*F5+Profiles!$B$8*IF(H5="",F5,H5)+Profiles!$B$10*IF(I5="",F5,I5))+Profiles!$C$5*G5)/1000000+Profiles!$D$5*IF(J5="",0,J5) | N5: =K5+L5+M5 | O5: =3*N5
A6: 5 | B6: fireworks/ember-1 | C6: 2026-09-24 | D6: Kimi K3 fine-tune with shorter reasoning (likely cheaper than shown) | F6: 3 | G6: 15 | H6: 0.3 | K6: =(Profiles!$B$3*(Profiles!$B$9*F6+Profiles!$B$8*IF(H6="",F6,H6)+Profiles!$B$10*IF(I6="",F6,I6))+Profiles!$C$3*G6)/1000000+Profiles!$D$3*IF(J6="",0,J6) | L6: =(Profiles!$B$4*(Profiles!$B$9*F6+Profiles!$B$8*IF(H6="",F6,H6)+Profiles!$B$10*IF(I6="",F6,I6))+Profiles!$C$4*G6)/1000000+Profiles!$D$4*IF(J6="",0,J6) | M6: =(Profiles!$B$5*(Profiles!$B$9*F6+Profiles!$B$8*IF(H6="",F6,H6)+Profiles!$B$10*IF(I6="",F6,I6))+Profiles!$C$5*G6)/1000000+Profiles!$D$5*IF(J6="",0,J6) | N6: =K6+L6+M6 | O6: =3*N6
A7: 6 | B7: moonshotai/kimi-k3 | C7: 2026-07-16 | E7: yes | F7: 3 | G7: 15 | H7: 0.3 | K7: =(Profiles!$B$3*(Profiles!$B$9*F7+Profiles!$B$8*IF(H7="",F7,H7)+Profiles!$B$10*IF(I7="",F7,I7))+Profiles!$C$3*G7)/1000000+Profiles!$D$3*IF(J7="",0,J7) | L7: =(Profiles!$B$4*(Profiles!$B$9*F7+Profiles!$B$8*IF(H7="",F7,H7)+Profiles!$B$10*IF(I7="",F7,I7))+Profiles!$C$4*G7)/1000000+Profiles!$D$4*IF(J7="",0,J7) | M7: =(Profiles!$B$5*(Profiles!$B$9*F7+Profiles!$B$8*IF(H7="",F7,H7)+Profiles!$B$10*IF(I7="",F7,I7))+Profiles!$C$5*G7)/1000000+Profiles!$D$5*IF(J7="",0,J7) | N7: =K7+L7+M7 | O7: =3*N7
A8: 7 | B8: xiaomi/mimo-v2.6-pro-ultraspeed | C8: 2026-09-21 | F8: 4.35 | G8: 8.7 | H8: 0.036 | K8: =(Profiles!$B$3*(Profiles!$B$9*F8+Profiles!$B$8*IF(H8="",F8,H8)+Profiles!$B$10*IF(I8="",F8,I8))+Profiles!$C$3*G8)/1000000+Profiles!$D$3*IF(J8="",0,J8) | L8: =(Profiles!$B$4*(Profiles!$B$9*F8+Profiles!$B$8*IF(H8="",F8,H8)+Profiles!$B$10*IF(I8="",F8,I8))+Profiles!$C$4*G8)/1000000+Profiles!$D$4*IF(J8="",0,J8) | M8: =(Profiles!$B$5*(Profiles!$B$9*F8+Profiles!$B$8*IF(H8="",F8,H8)+Profiles!$B$10*IF(I8="",F8,I8))+Profiles!$C$5*G8)/1000000+Profiles!$D$5*IF(J8="",0,J8) | N8: =K8+L8+M8 | O8: =3*N8
A9: 8 | B9: x-ai/grok-4.7 | C9: 2026-09-21 | F9: 1.6 | G9: 4.8 | H9: 0.4 | K9: =(Profiles!$B$3*(Profiles!$B$9*F9+Profiles!$B$8*IF(H9="",F9,H9)+Profiles!$B$10*IF(I9="",F9,I9))+Profiles!$C$3*G9)/1000000+Profiles!$D$3*IF(J9="",0,J9) | L9: =(Profiles!$B$4*(Profiles!$B$9*F9+Profiles!$B$8*IF(H9="",F9,H9)+Profiles!$B$10*IF(I9="",F9,I9))+Profiles!$C$4*G9)/1000000+Profiles!$D$4*IF(J9="",0,J9) | M9: =(Profiles!$B$5*(Profiles!$B$9*F9+Profiles!$B$8*IF(H9="",F9,H9)+Profiles!$B$10*IF(I9="",F9,I9))+Profiles!$C$5*G9)/1000000+Profiles!$D$5*IF(J9="",0,J9) | N9: =K9+L9+M9 | O9: =3*N9
A10: 9 | B10: unbiased/pareto | C10: 2026-09-18 | D10: ensemble (several unnamed models per request): kept on purpose | F10: 2.5 | G10: 7.5 | H10: 0.25 | K10: =(Profiles!$B$3*(Profiles!$B$9*F10+Profiles!$B$8*IF(H10="",F10,H10)+Profiles!$B$10*IF(I10="",F10,I10))+Profiles!$C$3*G10)/1000000+Profiles!$D$3*IF(J10="",0,J10) | L10: =(Profiles!$B$4*(Profiles!$B$9*F10+Profiles!$B$8*IF(H10="",F10,H10)+Profiles!$B$10*IF(I10="",F10,I10))+Profiles!$C$4*G10)/1000000+Profiles!$D$4*IF(J10="",0,J10) | M10: =(Profiles!$B$5*(Profiles!$B$9*F10+Profiles!$B$8*IF(H10="",F10,H10)+Profiles!$B$10*IF(I10="",F10,I10))+Profiles!$C$5*G10)/1000000+Profiles!$D$5*IF(J10="",0,J10) | N10: =K10+L10+M10 | O10: =3*N10
A11: 10 | B11: bytedance-seed/seed-2.0-code | C11: 2026-08-12 | F11: 0.5 | G11: 3 | K11: =(Profiles!$B$3*(Profiles!$B$9*F11+Profiles!$B$8*IF(H11="",F11,H11)+Profiles!$B$10*IF(I11="",F11,I11))+Profiles!$C$3*G11)/1000000+Profiles!$D$3*IF(J11="",0,J11) | L11: =(Profiles!$B$4*(Profiles!$B$9*F11+Profiles!$B$8*IF(H11="",F11,H11)+Profiles!$B$10*IF(I11="",F11,I11))+Profiles!$C$4*G11)/1000000+Profiles!$D$4*IF(J11="",0,J11) | M11: =(Profiles!$B$5*(Profiles!$B$9*F11+Profiles!$B$8*IF(H11="",F11,H11)+Profiles!$B$10*IF(I11="",F11,I11))+Profiles!$C$5*G11)/1000000+Profiles!$D$5*IF(J11="",0,J11) | N11: =K11+L11+M11 | O11: =3*N11
A12: 11 | B12: bytedance-seed/seed-2-1-turbo | C12: 2026-08-12 | F12: 0.5 | G12: 2.5 | K12: =(Profiles!$B$3*(Profiles!$B$9*F12+Profiles!$B$8*IF(H12="",F12,H12)+Profiles!$B$10*IF(I12="",F12,I12))+Profiles!$C$3*G12)/1000000+Profiles!$D$3*IF(J12="",0,J12) | L12: =(Profiles!$B$4*(Profiles!$B$9*F12+Profiles!$B$8*IF(H12="",F12,H12)+Profiles!$B$10*IF(I12="",F12,I12))+Profiles!$C$4*G12)/1000000+Profiles!$D$4*IF(J12="",0,J12) | M12: =(Profiles!$B$5*(Profiles!$B$9*F12+Profiles!$B$8*IF(H12="",F12,H12)+Profiles!$B$10*IF(I12="",F12,I12))+Profiles!$C$5*G12)/1000000+Profiles!$D$5*IF(J12="",0,J12) | N12: =K12+L12+M12 | O12: =3*N12
A13: 12 | B13: openai/gpt-5.6-terra | C13: 2026-07-09 | F13: 2 | G13: 12 | H13: 0.2 | I13: 2.5 | K13: =(Profiles!$B$3*(Profiles!$B$9*F13+Profiles!$B$8*IF(H13="",F13,H13)+Profiles!$B$10*IF(I13="",F13,I13))+Profiles!$C$3*G13)/1000000+Profiles!$D$3*IF(J13="",0,J13) | L13: =(Profiles!$B$4*(Profiles!$B$9*F13+Profiles!$B$8*IF(H13="",F13,H13)+Profiles!$B$10*IF(I13="",F13,I13))+Profiles!$C$4*G13)/1000000+Profiles!$D$4*IF(J13="",0,J13) | M13: =(Profiles!$B$5*(Profiles!$B$9*F13+Profiles!$B$8*IF(H13="",F13,H13)+Profiles!$B$10*IF(I13="",F13,I13))+Profiles!$C$5*G13)/1000000+Profiles!$D$5*IF(J13="",0,J13) | N13: =K13+L13+M13 | O13: =3*N13
A14: 13 | B14: qwen/qwen3.8-max-0902 | C14: 2026-09-03 | F14: 2 | G14: 6 | H14: 0.25 | I14: 2.5 | K14: =(Profiles!$B$3*(Profiles!$B$9*F14+Profiles!$B$8*IF(H14="",F14,H14)+Profiles!$B$10*IF(I14="",F14,I14))+Profiles!$C$3*G14)/1000000+Profiles!$D$3*IF(J14="",0,J14) | L14: =(Profiles!$B$4*(Profiles!$B$9*F14+Profiles!$B$8*IF(H14="",F14,H14)+Profiles!$B$10*IF(I14="",F14,I14))+Profiles!$C$4*G14)/1000000+Profiles!$D$4*IF(J14="",0,J14) | M14: =(Profiles!$B$5*(Profiles!$B$9*F14+Profiles!$B$8*IF(H14="",F14,H14)+Profiles!$B$10*IF(I14="",F14,I14))+Profiles!$C$5*G14)/1000000+Profiles!$D$5*IF(J14="",0,J14) | N14: =K14+L14+M14 | O14: =3*N14
A15: 14 | B15: openai/gpt-6-sol | C15: 2026-09-22 | F15: 2 | G15: 10 | H15: 0.2 | I15: 2.5 | K15: =(Profiles!$B$3*(Profiles!$B$9*F15+Profiles!$B$8*IF(H15="",F15,H15)+Profiles!$B$10*IF(I15="",F15,I15))+Profiles!$C$3*G15)/1000000+Profiles!$D$3*IF(J15="",0,J15) | L15: =(Profiles!$B$4*(Profiles!$B$9*F15+Profiles!$B$8*IF(H15="",F15,H15)+Profiles!$B$10*IF(I15="",F15,I15))+Profiles!$C$4*G15)/1000000+Profiles!$D$4*IF(J15="",0,J15) | M15: =(Profiles!$B$5*(Profiles!$B$9*F15+Profiles!$B$8*IF(H15="",F15,H15)+Profiles!$B$10*IF(I15="",F15,I15))+Profiles!$C$5*G15)/1000000+Profiles!$D$5*IF(J15="",0,J15) | N15: =K15+L15+M15 | O15: =3*N15
A16: 15 | B16: anthropic/claude-sonnet-5 | C16: 2026-06-30 | F16: 2 | G16: 10 | H16: 0.2 | I16: 2.5 | K16: =(Profiles!$B$3*(Profiles!$B$9*F16+Profiles!$B$8*IF(H16="",F16,H16)+Profiles!$B$10*IF(I16="",F16,I16))+Profiles!$C$3*G16)/1000000+Profiles!$D$3*IF(J16="",0,J16) | L16: =(Profiles!$B$4*(Profiles!$B$9*F16+Profiles!$B$8*IF(H16="",F16,H16)+Profiles!$B$10*IF(I16="",F16,I16))+Profiles!$C$4*G16)/1000000+Profiles!$D$4*IF(J16="",0,J16) | M16: =(Profiles!$B$5*(Profiles!$B$9*F16+Profiles!$B$8*IF(H16="",F16,H16)+Profiles!$B$10*IF(I16="",F16,I16))+Profiles!$C$5*G16)/1000000+Profiles!$D$5*IF(J16="",0,J16) | N16: =K16+L16+M16 | O16: =3*N16
A17: 16 | B17: z-ai/glm-5v-turbo | C17: 2026-04-01 | F17: 1.2 | G17: 4 | H17: 0.24 | K17: =(Profiles!$B$3*(Profiles!$B$9*F17+Profiles!$B$8*IF(H17="",F17,H17)+Profiles!$B$10*IF(I17="",F17,I17))+Profiles!$C$3*G17)/1000000+Profiles!$D$3*IF(J17="",0,J17) | L17: =(Profiles!$B$4*(Profiles!$B$9*F17+Profiles!$B$8*IF(H17="",F17,H17)+Profiles!$B$10*IF(I17="",F17,I17))+Profiles!$C$4*G17)/1000000+Profiles!$D$4*IF(J17="",0,J17) | M17: =(Profiles!$B$5*(Profiles!$B$9*F17+Profiles!$B$8*IF(H17="",F17,H17)+Profiles!$B$10*IF(I17="",F17,I17))+Profiles!$C$5*G17)/1000000+Profiles!$D$5*IF(J17="",0,J17) | N17: =K17+L17+M17 | O17: =3*N17
A18: 17 | B18: mistralai/mistral-medium-3-5 | C18: 2026-04-30 | D18: cached tokens at 10% per Mistral (not listed on OpenRouter) | F18: 1.5 | G18: 7.5 | H18: 0.15 | K18: =(Profiles!$B$3*(Profiles!$B$9*F18+Profiles!$B$8*IF(H18="",F18,H18)+Profiles!$B$10*IF(I18="",F18,I18))+Profiles!$C$3*G18)/1000000+Profiles!$D$3*IF(J18="",0,J18) | L18: =(Profiles!$B$4*(Profiles!$B$9*F18+Profiles!$B$8*IF(H18="",F18,H18)+Profiles!$B$10*IF(I18="",F18,I18))+Profiles!$C$4*G18)/1000000+Profiles!$D$4*IF(J18="",0,J18) | M18: =(Profiles!$B$5*(Profiles!$B$9*F18+Profiles!$B$8*IF(H18="",F18,H18)+Profiles!$B$10*IF(I18="",F18,I18))+Profiles!$C$5*G18)/1000000+Profiles!$D$5*IF(J18="",0,J18) | N18: =K18+L18+M18 | O18: =3*N18
A19: 18 | B19: x-ai/grok-build-0.1 | C19: 2026-05-20 | D19: xAI's coding model | F19: 1 | G19: 2 | H19: 0.2 | K19: =(Profiles!$B$3*(Profiles!$B$9*F19+Profiles!$B$8*IF(H19="",F19,H19)+Profiles!$B$10*IF(I19="",F19,I19))+Profiles!$C$3*G19)/1000000+Profiles!$D$3*IF(J19="",0,J19) | L19: =(Profiles!$B$4*(Profiles!$B$9*F19+Profiles!$B$8*IF(H19="",F19,H19)+Profiles!$B$10*IF(I19="",F19,I19))+Profiles!$C$4*G19)/1000000+Profiles!$D$4*IF(J19="",0,J19) | M19: =(Profiles!$B$5*(Profiles!$B$9*F19+Profiles!$B$8*IF(H19="",F19,H19)+Profiles!$B$10*IF(I19="",F19,I19))+Profiles!$C$5*G19)/1000000+Profiles!$D$5*IF(J19="",0,J19) | N19: =K19+L19+M19 | O19: =3*N19
A20: 19 | B20: meta/muse-spark-1.3 | C20: 2026-09-02 | E20: yes | F20: 1.25 | G20: 4.25 | H20: 0.15 | K20: =(Profiles!$B$3*(Profiles!$B$9*F20+Profiles!$B$8*IF(H20="",F20,H20)+Profiles!$B$10*IF(I20="",F20,I20))+Profiles!$C$3*G20)/1000000+Profiles!$D$3*IF(J20="",0,J20) | L20: =(Profiles!$B$4*(Profiles!$B$9*F20+Profiles!$B$8*IF(H20="",F20,H20)+Profiles!$B$10*IF(I20="",F20,I20))+Profiles!$C$4*G20)/1000000+Profiles!$D$4*IF(J20="",0,J20) | M20: =(Profiles!$B$5*(Profiles!$B$9*F20+Profiles!$B$8*IF(H20="",F20,H20)+Profiles!$B$10*IF(I20="",F20,I20))+Profiles!$C$5*G20)/1000000+Profiles!$D$5*IF(J20="",0,J20) | N20: =K20+L20+M20 | O20: =3*N20
A21: 20 | B21: thinkingmachines/inkling | C21: 2026-07-17 | F21: 1 | G21: 4.05 | H21: 0.17 | K21: =(Profiles!$B$3*(Profiles!$B$9*F21+Profiles!$B$8*IF(H21="",F21,H21)+Profiles!$B$10*IF(I21="",F21,I21))+Profiles!$C$3*G21)/1000000+Profiles!$D$3*IF(J21="",0,J21) | L21: =(Profiles!$B$4*(Profiles!$B$9*F21+Profiles!$B$8*IF(H21="",F21,H21)+Profiles!$B$10*IF(I21="",F21,I21))+Profiles!$C$4*G21)/1000000+Profiles!$D$4*IF(J21="",0,J21) | M21: =(Profiles!$B$5*(Profiles!$B$9*F21+Profiles!$B$8*IF(H21="",F21,H21)+Profiles!$B$10*IF(I21="",F21,I21))+Profiles!$C$5*G21)/1000000+Profiles!$D$5*IF(J21="",0,J21) | N21: =K21+L21+M21 | O21: =3*N21
A22: 21 | B22: moonshotai/kimi-k2.7-code | C22: 2026-06-12 | F22: 0.6562 | G22: 3.3 | H22: 0.18 | K22: =(Profiles!$B$3*(Profiles!$B$9*F22+Profiles!$B$8*IF(H22="",F22,H22)+Profiles!$B$10*IF(I22="",F22,I22))+Profiles!$C$3*G22)/1000000+Profiles!$D$3*IF(J22="",0,J22) | L22: =(Profiles!$B$4*(Profiles!$B$9*F22+Profiles!$B$8*IF(H22="",F22,H22)+Profiles!$B$10*IF(I22="",F22,I22))+Profiles!$C$4*G22)/1000000+Profiles!$D$4*IF(J22="",0,J22) | M22: =(Profiles!$B$5*(Profiles!$B$9*F22+Profiles!$B$8*IF(H22="",F22,H22)+Profiles!$B$10*IF(I22="",F22,I22))+Profiles!$C$5*G22)/1000000+Profiles!$D$5*IF(J22="",0,J22) | N22: =K22+L22+M22 | O22: =3*N22
A23: 22 | B23: cohere/command-a-plus | C23: 2026-09-22 | F23: 0.3 | G23: 1.5 | H23: 0.15 | K23: =(Profiles!$B$3*(Profiles!$B$9*F23+Profiles!$B$8*IF(H23="",F23,H23)+Profiles!$B$10*IF(I23="",F23,I23))+Profiles!$C$3*G23)/1000000+Profiles!$D$3*IF(J23="",0,J23) | L23: =(Profiles!$B$4*(Profiles!$B$9*F23+Profiles!$B$8*IF(H23="",F23,H23)+Profiles!$B$10*IF(I23="",F23,I23))+Profiles!$C$4*G23)/1000000+Profiles!$D$4*IF(J23="",0,J23) | M23: =(Profiles!$B$5*(Profiles!$B$9*F23+Profiles!$B$8*IF(H23="",F23,H23)+Profiles!$B$10*IF(I23="",F23,I23))+Profiles!$C$5*G23)/1000000+Profiles!$D$5*IF(J23="",0,J23) | N23: =K23+L23+M23 | O23: =3*N23
A24: 23 | B24: perceptron/perceptron-mk1.5 | C24: 2026-09-25 | F24: 0.15 | G24: 1.5 | K24: =(Profiles!$B$3*(Profiles!$B$9*F24+Profiles!$B$8*IF(H24="",F24,H24)+Profiles!$B$10*IF(I24="",F24,I24))+Profiles!$C$3*G24)/1000000+Profiles!$D$3*IF(J24="",0,J24) | L24: =(Profiles!$B$4*(Profiles!$B$9*F24+Profiles!$B$8*IF(H24="",F24,H24)+Profiles!$B$10*IF(I24="",F24,I24))+Profiles!$C$4*G24)/1000000+Profiles!$D$4*IF(J24="",0,J24) | M24: =(Profiles!$B$5*(Profiles!$B$9*F24+Profiles!$B$8*IF(H24="",F24,H24)+Profiles!$B$10*IF(I24="",F24,I24))+Profiles!$C$5*G24)/1000000+Profiles!$D$5*IF(J24="",0,J24) | N24: =K24+L24+M24 | O24: =3*N24
A25: 24 | B25: google/gemini-3.8-flash | C25: 2026-09-02 | E25: yes | F25: 0.75 | G25: 3.75 | H25: 0.075 | I25: 0.041666667 | J25: 7.5e-07 | K25: =(Profiles!$B$3*(Profiles!$B$9*F25+Profiles!$B$8*IF(H25="",F25,H25)+Profiles!$B$10*IF(I25="",F25,I25))+Profiles!$C$3*G25)/1000000+Profiles!$D$3*IF(J25="",0,J25) | L25: =(Profiles!$B$4*(Profiles!$B$9*F25+Profiles!$B$8*IF(H25="",F25,H25)+Profiles!$B$10*IF(I25="",F25,I25))+Profiles!$C$4*G25)/1000000+Profiles!$D$4*IF(J25="",0,J25) | M25: =(Profiles!$B$5*(Profiles!$B$9*F25+Profiles!$B$8*IF(H25="",F25,H25)+Profiles!$B$10*IF(I25="",F25,I25))+Profiles!$C$5*G25)/1000000+Profiles!$D$5*IF(J25="",0,J25) | N25: =K25+L25+M25 | O25: =3*N25
A26: 25 | B26: thinkingmachines/inkling-small | C26: 2026-07-30 | F26: 0.45 | G26: 1.2 | H26: 0.1 | K26: =(Profiles!$B$3*(Profiles!$B$9*F26+Profiles!$B$8*IF(H26="",F26,H26)+Profiles!$B$10*IF(I26="",F26,I26))+Profiles!$C$3*G26)/1000000+Profiles!$D$3*IF(J26="",0,J26) | L26: =(Profiles!$B$4*(Profiles!$B$9*F26+Profiles!$B$8*IF(H26="",F26,H26)+Profiles!$B$10*IF(I26="",F26,I26))+Profiles!$C$4*G26)/1000000+Profiles!$D$4*IF(J26="",0,J26) | M26: =(Profiles!$B$5*(Profiles!$B$9*F26+Profiles!$B$8*IF(H26="",F26,H26)+Profiles!$B$10*IF(I26="",F26,I26))+Profiles!$C$5*G26)/1000000+Profiles!$D$5*IF(J26="",0,J26) | N26: =K26+L26+M26 | O26: =3*N26
A27: 26 | B27: qwen/qwen3.8-27b | C27: 2026-08-14 | F27: 0.42 | G27: 3 | H27: 0.085 | K27: =(Profiles!$B$3*(Profiles!$B$9*F27+Profiles!$B$8*IF(H27="",F27,H27)+Profiles!$B$10*IF(I27="",F27,I27))+Profiles!$C$3*G27)/1000000+Profiles!$D$3*IF(J27="",0,J27) | L27: =(Profiles!$B$4*(Profiles!$B$9*F27+Profiles!$B$8*IF(H27="",F27,H27)+Profiles!$B$10*IF(I27="",F27,I27))+Profiles!$C$4*G27)/1000000+Profiles!$D$4*IF(J27="",0,J27) | M27: =(Profiles!$B$5*(Profiles!$B$9*F27+Profiles!$B$8*IF(H27="",F27,H27)+Profiles!$B$10*IF(I27="",F27,I27))+Profiles!$C$5*G27)/1000000+Profiles!$D$5*IF(J27="",0,J27) | N27: =K27+L27+M27 | O27: =3*N27
A28: 27 | B28: z-ai/glm-5.3-flashx | C28: 2026-09-18 | F28: 0.37 | G28: 1.25 | H28: 0.09 | K28: =(Profiles!$B$3*(Profiles!$B$9*F28+Profiles!$B$8*IF(H28="",F28,H28)+Profiles!$B$10*IF(I28="",F28,I28))+Profiles!$C$3*G28)/1000000+Profiles!$D$3*IF(J28="",0,J28) | L28: =(Profiles!$B$4*(Profiles!$B$9*F28+Profiles!$B$8*IF(H28="",F28,H28)+Profiles!$B$10*IF(I28="",F28,I28))+Profiles!$C$4*G28)/1000000+Profiles!$D$4*IF(J28="",0,J28) | M28: =(Profiles!$B$5*(Profiles!$B$9*F28+Profiles!$B$8*IF(H28="",F28,H28)+Profiles!$B$10*IF(I28="",F28,I28))+Profiles!$C$5*G28)/1000000+Profiles!$D$5*IF(J28="",0,J28) | N28: =K28+L28+M28 | O28: =3*N28
A29: 28 | B29: qwen/qwen3.7-plus | C29: 2026-06-03 | F29: 0.32 | G29: 1.28 | H29: 0.064 | I29: 0.4 | K29: =(Profiles!$B$3*(Profiles!$B$9*F29+Profiles!$B$8*IF(H29="",F29,H29)+Profiles!$B$10*IF(I29="",F29,I29))+Profiles!$C$3*G29)/1000000+Profiles!$D$3*IF(J29="",0,J29) | L29: =(Profiles!$B$4*(Profiles!$B$9*F29+Profiles!$B$8*IF(H29="",F29,H29)+Profiles!$B$10*IF(I29="",F29,I29))+Profiles!$C$4*G29)/1000000+Profiles!$D$4*IF(J29="",0,J29) | M29: =(Profiles!$B$5*(Profiles!$B$9*F29+Profiles!$B$8*IF(H29="",F29,H29)+Profiles!$B$10*IF(I29="",F29,I29))+Profiles!$C$5*G29)/1000000+Profiles!$D$5*IF(J29="",0,J29) | N29: =K29+L29+M29 | O29: =3*N29
A30: 29 | B30: minimax/minimax-m3 | C30: 2026-05-31 | F30: 0.3 | G30: 1.2 | H30: 0.06 | K30: =(Profiles!$B$3*(Profiles!$B$9*F30+Profiles!$B$8*IF(H30="",F30,H30)+Profiles!$B$10*IF(I30="",F30,I30))+Profiles!$C$3*G30)/1000000+Profiles!$D$3*IF(J30="",0,J30) | L30: =(Profiles!$B$4*(Profiles!$B$9*F30+Profiles!$B$8*IF(H30="",F30,H30)+Profiles!$B$10*IF(I30="",F30,I30))+Profiles!$C$4*G30)/1000000+Profiles!$D$4*IF(J30="",0,J30) | M30: =(Profiles!$B$5*(Profiles!$B$9*F30+Profiles!$B$8*IF(H30="",F30,H30)+Profiles!$B$10*IF(I30="",F30,I30))+Profiles!$C$5*G30)/1000000+Profiles!$D$5*IF(J30="",0,J30) | N30: =K30+L30+M30 | O30: =3*N30
A31: 30 | B31: prism-ml/ternary-bonsai-2-27b | C31: 2026-09-18 | F31: 0.075 | G31: 0.5 | K31: =(Profiles!$B$3*(Profiles!$B$9*F31+Profiles!$B$8*IF(H31="",F31,H31)+Profiles!$B$10*IF(I31="",F31,I31))+Profiles!$C$3*G31)/1000000+Profiles!$D$3*IF(J31="",0,J31) | L31: =(Profiles!$B$4*(Profiles!$B$9*F31+Profiles!$B$8*IF(H31="",F31,H31)+Profiles!$B$10*IF(I31="",F31,I31))+Profiles!$C$4*G31)/1000000+Profiles!$D$4*IF(J31="",0,J31) | M31: =(Profiles!$B$5*(Profiles!$B$9*F31+Profiles!$B$8*IF(H31="",F31,H31)+Profiles!$B$10*IF(I31="",F31,I31))+Profiles!$C$5*G31)/1000000+Profiles!$D$5*IF(J31="",0,J31) | N31: =K31+L31+M31 | O31: =3*N31
A32: 31 | B32: meta/muse-glimmer-30b | C32: 2026-08-09 | F32: 0.3 | G32: 1.2 | H32: 0.04 | K32: =(Profiles!$B$3*(Profiles!$B$9*F32+Profiles!$B$8*IF(H32="",F32,H32)+Profiles!$B$10*IF(I32="",F32,I32))+Profiles!$C$3*G32)/1000000+Profiles!$D$3*IF(J32="",0,J32) | L32: =(Profiles!$B$4*(Profiles!$B$9*F32+Profiles!$B$8*IF(H32="",F32,H32)+Profiles!$B$10*IF(I32="",F32,I32))+Profiles!$C$4*G32)/1000000+Profiles!$D$4*IF(J32="",0,J32) | M32: =(Profiles!$B$5*(Profiles!$B$9*F32+Profiles!$B$8*IF(H32="",F32,H32)+Profiles!$B$10*IF(I32="",F32,I32))+Profiles!$C$5*G32)/1000000+Profiles!$D$5*IF(J32="",0,J32) | N32: =K32+L32+M32 | O32: =3*N32
A33: 32 | B33: google/gemini-3.5-flash-lite | C33: 2026-07-21 | D33: Flash Lite line (3.5 is its newest) | F33: 0.3 | G33: 2.5 | H33: 0.03 | I33: 0.083333333 | J33: 3e-07 | K33: =(Profiles!$B$3*(Profiles!$B$9*F33+Profiles!$B$8*IF(H33="",F33,H33)+Profiles!$B$10*IF(I33="",F33,I33))+Profiles!$C$3*G33)/1000000+Profiles!$D$3*IF(J33="",0,J33) | L33: =(Profiles!$B$4*(Profiles!$B$9*F33+Profiles!$B$8*IF(H33="",F33,H33)+Profiles!$B$10*IF(I33="",F33,I33))+Profiles!$C$4*G33)/1000000+Profiles!$D$4*IF(J33="",0,J33) | M33: =(Profiles!$B$5*(Profiles!$B$9*F33+Profiles!$B$8*IF(H33="",F33,H33)+Profiles!$B$10*IF(I33="",F33,I33))+Profiles!$C$5*G33)/1000000+Profiles!$D$5*IF(J33="",0,J33) | N33: =K33+L33+M33 | O33: =3*N33
A34: 33 | B34: deepseek/deepseek-v4-flash-vision-exp | C34: 2026-08-21 | F34: 0.44 | G34: 1.32 | H34: 0.014 | K34: =(Profiles!$B$3*(Profiles!$B$9*F34+Profiles!$B$8*IF(H34="",F34,H34)+Profiles!$B$10*IF(I34="",F34,I34))+Profiles!$C$3*G34)/1000000+Profiles!$D$3*IF(J34="",0,J34) | L34: =(Profiles!$B$4*(Profiles!$B$9*F34+Profiles!$B$8*IF(H34="",F34,H34)+Profiles!$B$10*IF(I34="",F34,I34))+Profiles!$C$4*G34)/1000000+Profiles!$D$4*IF(J34="",0,J34) | M34: =(Profiles!$B$5*(Profiles!$B$9*F34+Profiles!$B$8*IF(H34="",F34,H34)+Profiles!$B$10*IF(I34="",F34,I34))+Profiles!$C$5*G34)/1000000+Profiles!$D$5*IF(J34="",0,J34) | N34: =K34+L34+M34 | O34: =3*N34
A35: 34 | B35: qwen/qwen3.6-35b-a3b | C35: 2026-04-27 | F35: 0.15 | G35: 1 | H35: 0.05 | K35: =(Profiles!$B$3*(Profiles!$B$9*F35+Profiles!$B$8*IF(H35="",F35,H35)+Profiles!$B$10*IF(I35="",F35,I35))+Profiles!$C$3*G35)/1000000+Profiles!$D$3*IF(J35="",0,J35) | L35: =(Profiles!$B$4*(Profiles!$B$9*F35+Profiles!$B$8*IF(H35="",F35,H35)+Profiles!$B$10*IF(I35="",F35,I35))+Profiles!$C$4*G35)/1000000+Profiles!$D$4*IF(J35="",0,J35) | M35: =(Profiles!$B$5*(Profiles!$B$9*F35+Profiles!$B$8*IF(H35="",F35,H35)+Profiles!$B$10*IF(I35="",F35,I35))+Profiles!$C$5*G35)/1000000+Profiles!$D$5*IF(J35="",0,J35) | N35: =K35+L35+M35 | O35: =3*N35
A36: 35 | B36: stepfun/step-3.7-flash | C36: 2026-05-28 | F36: 0.2 | G36: 1.15 | H36: 0.04 | K36: =(Profiles!$B$3*(Profiles!$B$9*F36+Profiles!$B$8*IF(H36="",F36,H36)+Profiles!$B$10*IF(I36="",F36,I36))+Profiles!$C$3*G36)/1000000+Profiles!$D$3*IF(J36="",0,J36) | L36: =(Profiles!$B$4*(Profiles!$B$9*F36+Profiles!$B$8*IF(H36="",F36,H36)+Profiles!$B$10*IF(I36="",F36,I36))+Profiles!$C$4*G36)/1000000+Profiles!$D$4*IF(J36="",0,J36) | M36: =(Profiles!$B$5*(Profiles!$B$9*F36+Profiles!$B$8*IF(H36="",F36,H36)+Profiles!$B$10*IF(I36="",F36,I36))+Profiles!$C$5*G36)/1000000+Profiles!$D$5*IF(J36="",0,J36) | N36: =K36+L36+M36 | O36: =3*N36
A37: 36 | B37: xiaomi/mimo-v2.6-pro | C37: 2026-09-21 | E37: yes | F37: 0.435 | G37: 0.87 | H37: 0.0036 | K37: =(Profiles!$B$3*(Profiles!$B$9*F37+Profiles!$B$8*IF(H37="",F37,H37)+Profiles!$B$10*IF(I37="",F37,I37))+Profiles!$C$3*G37)/1000000+Profiles!$D$3*IF(J37="",0,J37) | L37: =(Profiles!$B$4*(Profiles!$B$9*F37+Profiles!$B$8*IF(H37="",F37,H37)+Profiles!$B$10*IF(I37="",F37,I37))+Profiles!$C$4*G37)/1000000+Profiles!$D$4*IF(J37="",0,J37) | M37: =(Profiles!$B$5*(Profiles!$B$9*F37+Profiles!$B$8*IF(H37="",F37,H37)+Profiles!$B$10*IF(I37="",F37,I37))+Profiles!$C$5*G37)/1000000+Profiles!$D$5*IF(J37="",0,J37) | N37: =K37+L37+M37 | O37: =3*N37
A38: 37 | B38: google/gemma-4-31b-it | C38: 2026-04-02 | F38: 0.09 | G38: 0.34 | H38: 0.05 | K38: =(Profiles!$B$3*(Profiles!$B$9*F38+Profiles!$B$8*IF(H38="",F38,H38)+Profiles!$B$10*IF(I38="",F38,I38))+Profiles!$C$3*G38)/1000000+Profiles!$D$3*IF(J38="",0,J38) | L38: =(Profiles!$B$4*(Profiles!$B$9*F38+Profiles!$B$8*IF(H38="",F38,H38)+Profiles!$B$10*IF(I38="",F38,I38))+Profiles!$C$4*G38)/1000000+Profiles!$D$4*IF(J38="",0,J38) | M38: =(Profiles!$B$5*(Profiles!$B$9*F38+Profiles!$B$8*IF(H38="",F38,H38)+Profiles!$B$10*IF(I38="",F38,I38))+Profiles!$C$5*G38)/1000000+Profiles!$D$5*IF(J38="",0,J38) | N38: =K38+L38+M38 | O38: =3*N38
A39: 38 | B39: google/gemma-4-26b-a4b-it | C39: 2026-04-03 | F39: 0.09 | G39: 0.3 | H39: 0.05 | K39: =(Profiles!$B$3*(Profiles!$B$9*F39+Profiles!$B$8*IF(H39="",F39,H39)+Profiles!$B$10*IF(I39="",F39,I39))+Profiles!$C$3*G39)/1000000+Profiles!$D$3*IF(J39="",0,J39) | L39: =(Profiles!$B$4*(Profiles!$B$9*F39+Profiles!$B$8*IF(H39="",F39,H39)+Profiles!$B$10*IF(I39="",F39,I39))+Profiles!$C$4*G39)/1000000+Profiles!$D$4*IF(J39="",0,J39) | M39: =(Profiles!$B$5*(Profiles!$B$9*F39+Profiles!$B$8*IF(H39="",F39,H39)+Profiles!$B$10*IF(I39="",F39,I39))+Profiles!$C$5*G39)/1000000+Profiles!$D$5*IF(J39="",0,J39) | N39: =K39+L39+M39 | O39: =3*N39
A40: 39 | B40: z-ai/glm-5.3-flash | C40: 2026-08-26 | E40: yes | F40: 0.15 | G40: 0.5 | H40: 0.03 | K40: =(Profiles!$B$3*(Profiles!$B$9*F40+Profiles!$B$8*IF(H40="",F40,H40)+Profiles!$B$10*IF(I40="",F40,I40))+Profiles!$C$3*G40)/1000000+Profiles!$D$3*IF(J40="",0,J40) | L40: =(Profiles!$B$4*(Profiles!$B$9*F40+Profiles!$B$8*IF(H40="",F40,H40)+Profiles!$B$10*IF(I40="",F40,I40))+Profiles!$C$4*G40)/1000000+Profiles!$D$4*IF(J40="",0,J40) | M40: =(Profiles!$B$5*(Profiles!$B$9*F40+Profiles!$B$8*IF(H40="",F40,H40)+Profiles!$B$10*IF(I40="",F40,I40))+Profiles!$C$5*G40)/1000000+Profiles!$D$5*IF(J40="",0,J40) | N40: =K40+L40+M40 | O40: =3*N40
A41: 40 | B41: qwen/qwen3.8-flash | C41: 2026-08-26 | F41: 0.15 | G41: 0.47 | H41: 0.016 | I41: 0.2 | K41: =(Profiles!$B$3*(Profiles!$B$9*F41+Profiles!$B$8*IF(H41="",F41,H41)+Profiles!$B$10*IF(I41="",F41,I41))+Profiles!$C$3*G41)/1000000+Profiles!$D$3*IF(J41="",0,J41) | L41: =(Profiles!$B$4*(Profiles!$B$9*F41+Profiles!$B$8*IF(H41="",F41,H41)+Profiles!$B$10*IF(I41="",F41,I41))+Profiles!$C$4*G41)/1000000+Profiles!$D$4*IF(J41="",0,J41) | M41: =(Profiles!$B$5*(Profiles!$B$9*F41+Profiles!$B$8*IF(H41="",F41,H41)+Profiles!$B$10*IF(I41="",F41,I41))+Profiles!$C$5*G41)/1000000+Profiles!$D$5*IF(J41="",0,J41) | N41: =K41+L41+M41 | O41: =3*N41
A42: 41 | B42: qwen/qwen3.8-omni-flash | C42: 2026-09-21 | F42: 0.15 | G42: 0.47 | H42: 0.016 | K42: =(Profiles!$B$3*(Profiles!$B$9*F42+Profiles!$B$8*IF(H42="",F42,H42)+Profiles!$B$10*IF(I42="",F42,I42))+Profiles!$C$3*G42)/1000000+Profiles!$D$3*IF(J42="",0,J42) | L42: =(Profiles!$B$4*(Profiles!$B$9*F42+Profiles!$B$8*IF(H42="",F42,H42)+Profiles!$B$10*IF(I42="",F42,I42))+Profiles!$C$4*G42)/1000000+Profiles!$D$4*IF(J42="",0,J42) | M42: =(Profiles!$B$5*(Profiles!$B$9*F42+Profiles!$B$8*IF(H42="",F42,H42)+Profiles!$B$10*IF(I42="",F42,I42))+Profiles!$C$5*G42)/1000000+Profiles!$D$5*IF(J42="",0,J42) | N42: =K42+L42+M42 | O42: =3*N42
A43: 42 | B43: openai/gpt-6-luna | C43: 2026-09-22 | E43: yes | F43: 0.1 | G43: 0.5 | H43: 0.01 | I43: 0.125 | K43: =(Profiles!$B$3*(Profiles!$B$9*F43+Profiles!$B$8*IF(H43="",F43,H43)+Profiles!$B$10*IF(I43="",F43,I43))+Profiles!$C$3*G43)/1000000+Profiles!$D$3*IF(J43="",0,J43) | L43: =(Profiles!$B$4*(Profiles!$B$9*F43+Profiles!$B$8*IF(H43="",F43,H43)+Profiles!$B$10*IF(I43="",F43,I43))+Profiles!$C$4*G43)/1000000+Profiles!$D$4*IF(J43="",0,J43) | M43: =(Profiles!$B$5*(Profiles!$B$9*F43+Profiles!$B$8*IF(H43="",F43,H43)+Profiles!$B$10*IF(I43="",F43,I43))+Profiles!$C$5*G43)/1000000+Profiles!$D$5*IF(J43="",0,J43) | N43: =K43+L43+M43 | O43: =3*N43
A44: 43 | B44: xiaomi/mimo-v2.6-flash | C44: 2026-09-21 | F44: 0.14 | G44: 0.28 | H44: 0.0028 | K44: =(Profiles!$B$3*(Profiles!$B$9*F44+Profiles!$B$8*IF(H44="",F44,H44)+Profiles!$B$10*IF(I44="",F44,I44))+Profiles!$C$3*G44)/1000000+Profiles!$D$3*IF(J44="",0,J44) | L44: =(Profiles!$B$4*(Profiles!$B$9*F44+Profiles!$B$8*IF(H44="",F44,H44)+Profiles!$B$10*IF(I44="",F44,I44))+Profiles!$C$4*G44)/1000000+Profiles!$D$4*IF(J44="",0,J44) | M44: =(Profiles!$B$5*(Profiles!$B$9*F44+Profiles!$B$8*IF(H44="",F44,H44)+Profiles!$B$10*IF(I44="",F44,I44))+Profiles!$C$5*G44)/1000000+Profiles!$D$5*IF(J44="",0,J44) | N44: =K44+L44+M44 | O44: =3*N44
A45: 44 | B45: meta/muse-spark-1.3-contributor | C45: 2026-09-02 | D45: cheap contributor tier (check its data terms) | F45: 0.1 | G45: 0.2 | H45: 0.002 | K45: =(Profiles!$B$3*(Profiles!$B$9*F45+Profiles!$B$8*IF(H45="",F45,H45)+Profiles!$B$10*IF(I45="",F45,I45))+Profiles!$C$3*G45)/1000000+Profiles!$D$3*IF(J45="",0,J45) | L45: =(Profiles!$B$4*(Profiles!$B$9*F45+Profiles!$B$8*IF(H45="",F45,H45)+Profiles!$B$10*IF(I45="",F45,I45))+Profiles!$C$4*G45)/1000000+Profiles!$D$4*IF(J45="",0,J45) | M45: =(Profiles!$B$5*(Profiles!$B$9*F45+Profiles!$B$8*IF(H45="",F45,H45)+Profiles!$B$10*IF(I45="",F45,I45))+Profiles!$C$5*G45)/1000000+Profiles!$D$5*IF(J45="",0,J45) | N45: =K45+L45+M45 | O45: =3*N45
A46: 45 | B46: deepseek/deepseek-v4.1-flash | C46: 2026-09-10 | E46: yes | F46: 0.035 | G46: 0.29 | H46: 0.001 | K46: =(Profiles!$B$3*(Profiles!$B$9*F46+Profiles!$B$8*IF(H46="",F46,H46)+Profiles!$B$10*IF(I46="",F46,I46))+Profiles!$C$3*G46)/1000000+Profiles!$D$3*IF(J46="",0,J46) | L46: =(Profiles!$B$4*(Profiles!$B$9*F46+Profiles!$B$8*IF(H46="",F46,H46)+Profiles!$B$10*IF(I46="",F46,I46))+Profiles!$C$4*G46)/1000000+Profiles!$D$4*IF(J46="",0,J46) | M46: =(Profiles!$B$5*(Profiles!$B$9*F46+Profiles!$B$8*IF(H46="",F46,H46)+Profiles!$B$10*IF(I46="",F46,I46))+Profiles!$C$5*G46)/1000000+Profiles!$D$5*IF(J46="",0,J46) | N46: =K46+L46+M46 | O46: =3*N46
A47: 46 | B47: inclusionai/ling-3.0-flash-vl | C47: 2026-09-10 | F47: 0.021 | G47: 0.0616 | H47: 0.0042 | K47: =(Profiles!$B$3*(Profiles!$B$9*F47+Profiles!$B$8*IF(H47="",F47,H47)+Profiles!$B$10*IF(I47="",F47,I47))+Profiles!$C$3*G47)/1000000+Profiles!$D$3*IF(J47="",0,J47) | L47: =(Profiles!$B$4*(Profiles!$B$9*F47+Profiles!$B$8*IF(H47="",F47,H47)+Profiles!$B$10*IF(I47="",F47,I47))+Profiles!$C$4*G47)/1000000+Profiles!$D$4*IF(J47="",0,J47) | M47: =(Profiles!$B$5*(Profiles!$B$9*F47+Profiles!$B$8*IF(H47="",F47,H47)+Profiles!$B$10*IF(I47="",F47,I47))+Profiles!$C$5*G47)/1000000+Profiles!$D$5*IF(J47="",0,J47) | N47: =K47+L47+M47 | O47: =3*N47
A48: 47 | B48: stealth/space-bunny-alpha | C48: 2026-09-23 | D48: free (stealth) | E48: yes | F48: 0 | G48: 0 | K48: =(Profiles!$B$3*(Profiles!$B$9*F48+Profiles!$B$8*IF(H48="",F48,H48)+Profiles!$B$10*IF(I48="",F48,I48))+Profiles!$C$3*G48)/1000000+Profiles!$D$3*IF(J48="",0,J48) | L48: =(Profiles!$B$4*(Profiles!$B$9*F48+Profiles!$B$8*IF(H48="",F48,H48)+Profiles!$B$10*IF(I48="",F48,I48))+Profiles!$C$4*G48)/1000000+Profiles!$D$4*IF(J48="",0,J48) | M48: =(Profiles!$B$5*(Profiles!$B$9*F48+Profiles!$B$8*IF(H48="",F48,H48)+Profiles!$B$10*IF(I48="",F48,I48))+Profiles!$C$5*G48)/1000000+Profiles!$D$5*IF(J48="",0,J48) | N48: =K48+L48+M48 | O48: =3*N48
B50: total | K50: =SUM(K2:K48) | L50: =SUM(L2:L48) | M50: =SUM(M2:M48) | N50: =SUM(N2:N48) | O50: =SUM(O2:O48)

Sheet Present & past (156)
A1: # | B1: model | C1: released | D1: note | E1: painted with it | F1: $/M input | G1: $/M output | H1: $/M cache read | I1: $/M cache write | J1: $/image | K1: light $ | L1: typical $ | M1: heavy $ | N1: one pass $ | O1: three passes $
A2: 1 | B2: perceptron/perceptron-mk1.5 | C2: 2026-09-25 | F2: 0.15 | G2: 1.5 | K2: =(Profiles!$B$3*(Profiles!$B$9*F2+Profiles!$B$8*IF(H2="",F2,H2)+Profiles!$B$10*IF(I2="",F2,I2))+Profiles!$C$3*G2)/1000000+Profiles!$D$3*IF(J2="",0,J2) | L2: =(Profiles!$B$4*(Profiles!$B$9*F2+Profiles!$B$8*IF(H2="",F2,H2)+Profiles!$B$10*IF(I2="",F2,I2))+Profiles!$C$4*G2)/1000000+Profiles!$D$4*IF(J2="",0,J2) | M2: =(Profiles!$B$5*(Profiles!$B$9*F2+Profiles!$B$8*IF(H2="",F2,H2)+Profiles!$B$10*IF(I2="",F2,I2))+Profiles!$C$5*G2)/1000000+Profiles!$D$5*IF(J2="",0,J2) | N2: =K2+L2+M2 | O2: =3*N2
A3: 2 | B3: fireworks/ember-1 | C3: 2026-09-24 | D3: Kimi K3 fine-tune with shorter reasoning (likely cheaper than shown) | F3: 3 | G3: 15 | H3: 0.3 | K3: =(Profiles!$B$3*(Profiles!$B$9*F3+Profiles!$B$8*IF(H3="",F3,H3)+Profiles!$B$10*IF(I3="",F3,I3))+Profiles!$C$3*G3)/1000000+Profiles!$D$3*IF(J3="",0,J3) | L3: =(Profiles!$B$4*(Profiles!$B$9*F3+Profiles!$B$8*IF(H3="",F3,H3)+Profiles!$B$10*IF(I3="",F3,I3))+Profiles!$C$4*G3)/1000000+Profiles!$D$4*IF(J3="",0,J3) | M3: =(Profiles!$B$5*(Profiles!$B$9*F3+Profiles!$B$8*IF(H3="",F3,H3)+Profiles!$B$10*IF(I3="",F3,I3))+Profiles!$C$5*G3)/1000000+Profiles!$D$5*IF(J3="",0,J3) | N3: =K3+L3+M3 | O3: =3*N3
A4: 3 | B4: qwen/qwen3.8-max-prime | C4: 2026-09-23 | F4: 4 | G4: 12 | H4: 0.5 | K4: =(Profiles!$B$3*(Profiles!$B$9*F4+Profiles!$B$8*IF(H4="",F4,H4)+Profiles!$B$10*IF(I4="",F4,I4))+Profiles!$C$3*G4)/1000000+Profiles!$D$3*IF(J4="",0,J4) | L4: =(Profiles!$B$4*(Profiles!$B$9*F4+Profiles!$B$8*IF(H4="",F4,H4)+Profiles!$B$10*IF(I4="",F4,I4))+Profiles!$C$4*G4)/1000000+Profiles!$D$4*IF(J4="",0,J4) | M4: =(Profiles!$B$5*(Profiles!$B$9*F4+Profiles!$B$8*IF(H4="",F4,H4)+Profiles!$B$10*IF(I4="",F4,I4))+Profiles!$C$5*G4)/1000000+Profiles!$D$5*IF(J4="",0,J4) | N4: =K4+L4+M4 | O4: =3*N4
A5: 4 | B5: stealth/space-bunny-alpha | C5: 2026-09-23 | D5: free (stealth) | E5: yes | F5: 0 | G5: 0 | K5: =(Profiles!$B$3*(Profiles!$B$9*F5+Profiles!$B$8*IF(H5="",F5,H5)+Profiles!$B$10*IF(I5="",F5,I5))+Profiles!$C$3*G5)/1000000+Profiles!$D$3*IF(J5="",0,J5) | L5: =(Profiles!$B$4*(Profiles!$B$9*F5+Profiles!$B$8*IF(H5="",F5,H5)+Profiles!$B$10*IF(I5="",F5,I5))+Profiles!$C$4*G5)/1000000+Profiles!$D$4*IF(J5="",0,J5) | M5: =(Profiles!$B$5*(Profiles!$B$9*F5+Profiles!$B$8*IF(H5="",F5,H5)+Profiles!$B$10*IF(I5="",F5,I5))+Profiles!$C$5*G5)/1000000+Profiles!$D$5*IF(J5="",0,J5) | N5: =K5+L5+M5 | O5: =3*N5
A6: 5 | B6: cohere/command-a-plus | C6: 2026-09-22 | F6: 0.3 | G6: 1.5 | H6: 0.15 | K6: =(Profiles!$B$3*(Profiles!$B$9*F6+Profiles!$B$8*IF(H6="",F6,H6)+Profiles!$B$10*IF(I6="",F6,I6))+Profiles!$C$3*G6)/1000000+Profiles!$D$3*IF(J6="",0,J6) | L6: =(Profiles!$B$4*(Profiles!$B$9*F6+Profiles!$B$8*IF(H6="",F6,H6)+Profiles!$B$10*IF(I6="",F6,I6))+Profiles!$C$4*G6)/1000000+Profiles!$D$4*IF(J6="",0,J6) | M6: =(Profiles!$B$5*(Profiles!$B$9*F6+Profiles!$B$8*IF(H6="",F6,H6)+Profiles!$B$10*IF(I6="",F6,I6))+Profiles!$C$5*G6)/1000000+Profiles!$D$5*IF(J6="",0,J6) | N6: =K6+L6+M6 | O6: =3*N6
A7: 6 | B7: openai/gpt-6-luna | C7: 2026-09-22 | E7: yes | F7: 0.1 | G7: 0.5 | H7: 0.01 | I7: 0.125 | K7: =(Profiles!$B$3*(Profiles!$B$9*F7+Profiles!$B$8*IF(H7="",F7,H7)+Profiles!$B$10*IF(I7="",F7,I7))+Profiles!$C$3*G7)/1000000+Profiles!$D$3*IF(J7="",0,J7) | L7: =(Profiles!$B$4*(Profiles!$B$9*F7+Profiles!$B$8*IF(H7="",F7,H7)+Profiles!$B$10*IF(I7="",F7,I7))+Profiles!$C$4*G7)/1000000+Profiles!$D$4*IF(J7="",0,J7) | M7: =(Profiles!$B$5*(Profiles!$B$9*F7+Profiles!$B$8*IF(H7="",F7,H7)+Profiles!$B$10*IF(I7="",F7,I7))+Profiles!$C$5*G7)/1000000+Profiles!$D$5*IF(J7="",0,J7) | N7: =K7+L7+M7 | O7: =3*N7
A8: 7 | B8: openai/gpt-6-sol | C8: 2026-09-22 | F8: 2 | G8: 10 | H8: 0.2 | I8: 2.5 | K8: =(Profiles!$B$3*(Profiles!$B$9*F8+Profiles!$B$8*IF(H8="",F8,H8)+Profiles!$B$10*IF(I8="",F8,I8))+Profiles!$C$3*G8)/1000000+Profiles!$D$3*IF(J8="",0,J8) | L8: =(Profiles!$B$4*(Profiles!$B$9*F8+Profiles!$B$8*IF(H8="",F8,H8)+Profiles!$B$10*IF(I8="",F8,I8))+Profiles!$C$4*G8)/1000000+Profiles!$D$4*IF(J8="",0,J8) | M8: =(Profiles!$B$5*(Profiles!$B$9*F8+Profiles!$B$8*IF(H8="",F8,H8)+Profiles!$B$10*IF(I8="",F8,I8))+Profiles!$C$5*G8)/1000000+Profiles!$D$5*IF(J8="",0,J8) | N8: =K8+L8+M8 | O8: =3*N8
A9: 8 | B9: anthropic/claude-opus-5.5 | C9: 2026-09-22 | E9: yes | F9: 4 | G9: 20 | H9: 0.2 | I9: 5 | K9: =(Profiles!$B$3*(Profiles!$B$9*F9+Profiles!$B$8*IF(H9="",F9,H9)+Profiles!$B$10*IF(I9="",F9,I9))+Profiles!$C$3*G9)/1000000+Profiles!$D$3*IF(J9="",0,J9) | L9: =(Profiles!$B$4*(Profiles!$B$9*F9+Profiles!$B$8*IF(H9="",F9,H9)+Profiles!$B$10*IF(I9="",F9,I9))+Profiles!$C$4*G9)/1000000+Profiles!$D$4*IF(J9="",0,J9) | M9: =(Profiles!$B$5*(Profiles!$B$9*F9+Profiles!$B$8*IF(H9="",F9,H9)+Profiles!$B$10*IF(I9="",F9,I9))+Profiles!$C$5*G9)/1000000+Profiles!$D$5*IF(J9="",0,J9) | N9: =K9+L9+M9 | O9: =3*N9
A10: 9 | B10: xiaomi/mimo-v2.6-pro-ultraspeed | C10: 2026-09-21 | F10: 4.35 | G10: 8.7 | H10: 0.036 | K10: =(Profiles!$B$3*(Profiles!$B$9*F10+Profiles!$B$8*IF(H10="",F10,H10)+Profiles!$B$10*IF(I10="",F10,I10))+Profiles!$C$3*G10)/1000000+Profiles!$D$3*IF(J10="",0,J10) | L10: =(Profiles!$B$4*(Profiles!$B$9*F10+Profiles!$B$8*IF(H10="",F10,H10)+Profiles!$B$10*IF(I10="",F10,I10))+Profiles!$C$4*G10)/1000000+Profiles!$D$4*IF(J10="",0,J10) | M10: =(Profiles!$B$5*(Profiles!$B$9*F10+Profiles!$B$8*IF(H10="",F10,H10)+Profiles!$B$10*IF(I10="",F10,I10))+Profiles!$C$5*G10)/1000000+Profiles!$D$5*IF(J10="",0,J10) | N10: =K10+L10+M10 | O10: =3*N10
A11: 10 | B11: xiaomi/mimo-v2.6-flash | C11: 2026-09-21 | F11: 0.14 | G11: 0.28 | H11: 0.0028 | K11: =(Profiles!$B$3*(Profiles!$B$9*F11+Profiles!$B$8*IF(H11="",F11,H11)+Profiles!$B$10*IF(I11="",F11,I11))+Profiles!$C$3*G11)/1000000+Profiles!$D$3*IF(J11="",0,J11) | L11: =(Profiles!$B$4*(Profiles!$B$9*F11+Profiles!$B$8*IF(H11="",F11,H11)+Profiles!$B$10*IF(I11="",F11,I11))+Profiles!$C$4*G11)/1000000+Profiles!$D$4*IF(J11="",0,J11) | M11: =(Profiles!$B$5*(Profiles!$B$9*F11+Profiles!$B$8*IF(H11="",F11,H11)+Profiles!$B$10*IF(I11="",F11,I11))+Profiles!$C$5*G11)/1000000+Profiles!$D$5*IF(J11="",0,J11) | N11: =K11+L11+M11 | O11: =3*N11
A12: 11 | B12: xiaomi/mimo-v2.6-pro | C12: 2026-09-21 | E12: yes | F12: 0.435 | G12: 0.87 | H12: 0.0036 | K12: =(Profiles!$B$3*(Profiles!$B$9*F12+Profiles!$B$8*IF(H12="",F12,H12)+Profiles!$B$10*IF(I12="",F12,I12))+Profiles!$C$3*G12)/1000000+Profiles!$D$3*IF(J12="",0,J12) | L12: =(Profiles!$B$4*(Profiles!$B$9*F12+Profiles!$B$8*IF(H12="",F12,H12)+Profiles!$B$10*IF(I12="",F12,I12))+Profiles!$C$4*G12)/1000000+Profiles!$D$4*IF(J12="",0,J12) | M12: =(Profiles!$B$5*(Profiles!$B$9*F12+Profiles!$B$8*IF(H12="",F12,H12)+Profiles!$B$10*IF(I12="",F12,I12))+Profiles!$C$5*G12)/1000000+Profiles!$D$5*IF(J12="",0,J12) | N12: =K12+L12+M12 | O12: =3*N12
A13: 12 | B13: x-ai/grok-4.7 | C13: 2026-09-21 | F13: 1.6 | G13: 4.8 | H13: 0.4 | K13: =(Profiles!$B$3*(Profiles!$B$9*F13+Profiles!$B$8*IF(H13="",F13,H13)+Profiles!$B$10*IF(I13="",F13,I13))+Profiles!$C$3*G13)/1000000+Profiles!$D$3*IF(J13="",0,J13) | L13: =(Profiles!$B$4*(Profiles!$B$9*F13+Profiles!$B$8*IF(H13="",F13,H13)+Profiles!$B$10*IF(I13="",F13,I13))+Profiles!$C$4*G13)/1000000+Profiles!$D$4*IF(J13="",0,J13) | M13: =(Profiles!$B$5*(Profiles!$B$9*F13+Profiles!$B$8*IF(H13="",F13,H13)+Profiles!$B$10*IF(I13="",F13,I13))+Profiles!$C$5*G13)/1000000+Profiles!$D$5*IF(J13="",0,J13) | N13: =K13+L13+M13 | O13: =3*N13
A14: 13 | B14: qwen/qwen3.8-omni-flash | C14: 2026-09-21 | F14: 0.15 | G14: 0.47 | H14: 0.016 | K14: =(Profiles!$B$3*(Profiles!$B$9*F14+Profiles!$B$8*IF(H14="",F14,H14)+Profiles!$B$10*IF(I14="",F14,I14))+Profiles!$C$3*G14)/1000000+Profiles!$D$3*IF(J14="",0,J14) | L14: =(Profiles!$B$4*(Profiles!$B$9*F14+Profiles!$B$8*IF(H14="",F14,H14)+Profiles!$B$10*IF(I14="",F14,I14))+Profiles!$C$4*G14)/1000000+Profiles!$D$4*IF(J14="",0,J14) | M14: =(Profiles!$B$5*(Profiles!$B$9*F14+Profiles!$B$8*IF(H14="",F14,H14)+Profiles!$B$10*IF(I14="",F14,I14))+Profiles!$C$5*G14)/1000000+Profiles!$D$5*IF(J14="",0,J14) | N14: =K14+L14+M14 | O14: =3*N14
A15: 14 | B15: prism-ml/ternary-bonsai-2-27b | C15: 2026-09-18 | F15: 0.075 | G15: 0.5 | K15: =(Profiles!$B$3*(Profiles!$B$9*F15+Profiles!$B$8*IF(H15="",F15,H15)+Profiles!$B$10*IF(I15="",F15,I15))+Profiles!$C$3*G15)/1000000+Profiles!$D$3*IF(J15="",0,J15) | L15: =(Profiles!$B$4*(Profiles!$B$9*F15+Profiles!$B$8*IF(H15="",F15,H15)+Profiles!$B$10*IF(I15="",F15,I15))+Profiles!$C$4*G15)/1000000+Profiles!$D$4*IF(J15="",0,J15) | M15: =(Profiles!$B$5*(Profiles!$B$9*F15+Profiles!$B$8*IF(H15="",F15,H15)+Profiles!$B$10*IF(I15="",F15,I15))+Profiles!$C$5*G15)/1000000+Profiles!$D$5*IF(J15="",0,J15) | N15: =K15+L15+M15 | O15: =3*N15
A16: 15 | B16: z-ai/glm-5.3-flashx | C16: 2026-09-18 | F16: 0.37 | G16: 1.25 | H16: 0.09 | K16: =(Profiles!$B$3*(Profiles!$B$9*F16+Profiles!$B$8*IF(H16="",F16,H16)+Profiles!$B$10*IF(I16="",F16,I16))+Profiles!$C$3*G16)/1000000+Profiles!$D$3*IF(J16="",0,J16) | L16: =(Profiles!$B$4*(Profiles!$B$9*F16+Profiles!$B$8*IF(H16="",F16,H16)+Profiles!$B$10*IF(I16="",F16,I16))+Profiles!$C$4*G16)/1000000+Profiles!$D$4*IF(J16="",0,J16) | M16: =(Profiles!$B$5*(Profiles!$B$9*F16+Profiles!$B$8*IF(H16="",F16,H16)+Profiles!$B$10*IF(I16="",F16,I16))+Profiles!$C$5*G16)/1000000+Profiles!$D$5*IF(J16="",0,J16) | N16: =K16+L16+M16 | O16: =3*N16
A17: 16 | B17: unbiased/pareto | C17: 2026-09-18 | D17: ensemble (several unnamed models per request): kept on purpose | F17: 2.5 | G17: 7.5 | H17: 0.25 | K17: =(Profiles!$B$3*(Profiles!$B$9*F17+Profiles!$B$8*IF(H17="",F17,H17)+Profiles!$B$10*IF(I17="",F17,I17))+Profiles!$C$3*G17)/1000000+Profiles!$D$3*IF(J17="",0,J17) | L17: =(Profiles!$B$4*(Profiles!$B$9*F17+Profiles!$B$8*IF(H17="",F17,H17)+Profiles!$B$10*IF(I17="",F17,I17))+Profiles!$C$4*G17)/1000000+Profiles!$D$4*IF(J17="",0,J17) | M17: =(Profiles!$B$5*(Profiles!$B$9*F17+Profiles!$B$8*IF(H17="",F17,H17)+Profiles!$B$10*IF(I17="",F17,I17))+Profiles!$C$5*G17)/1000000+Profiles!$D$5*IF(J17="",0,J17) | N17: =K17+L17+M17 | O17: =3*N17
A18: 17 | B18: inclusionai/ling-3.0-flash-vl | C18: 2026-09-10 | F18: 0.021 | G18: 0.0616 | H18: 0.0042 | K18: =(Profiles!$B$3*(Profiles!$B$9*F18+Profiles!$B$8*IF(H18="",F18,H18)+Profiles!$B$10*IF(I18="",F18,I18))+Profiles!$C$3*G18)/1000000+Profiles!$D$3*IF(J18="",0,J18) | L18: =(Profiles!$B$4*(Profiles!$B$9*F18+Profiles!$B$8*IF(H18="",F18,H18)+Profiles!$B$10*IF(I18="",F18,I18))+Profiles!$C$4*G18)/1000000+Profiles!$D$4*IF(J18="",0,J18) | M18: =(Profiles!$B$5*(Profiles!$B$9*F18+Profiles!$B$8*IF(H18="",F18,H18)+Profiles!$B$10*IF(I18="",F18,I18))+Profiles!$C$5*G18)/1000000+Profiles!$D$5*IF(J18="",0,J18) | N18: =K18+L18+M18 | O18: =3*N18
A19: 18 | B19: deepseek/deepseek-v4.1-flash | C19: 2026-09-10 | E19: yes | F19: 0.035 | G19: 0.29 | H19: 0.001 | K19: =(Profiles!$B$3*(Profiles!$B$9*F19+Profiles!$B$8*IF(H19="",F19,H19)+Profiles!$B$10*IF(I19="",F19,I19))+Profiles!$C$3*G19)/1000000+Profiles!$D$3*IF(J19="",0,J19) | L19: =(Profiles!$B$4*(Profiles!$B$9*F19+Profiles!$B$8*IF(H19="",F19,H19)+Profiles!$B$10*IF(I19="",F19,I19))+Profiles!$C$4*G19)/1000000+Profiles!$D$4*IF(J19="",0,J19) | M19: =(Profiles!$B$5*(Profiles!$B$9*F19+Profiles!$B$8*IF(H19="",F19,H19)+Profiles!$B$10*IF(I19="",F19,I19))+Profiles!$C$5*G19)/1000000+Profiles!$D$5*IF(J19="",0,J19) | N19: =K19+L19+M19 | O19: =3*N19
A20: 19 | B20: openai/gpt-6-astra | C20: 2026-09-04 | E20: yes | F20: 10 | G20: 50 | H20: 1 | I20: 12.5 | K20: =(Profiles!$B$3*(Profiles!$B$9*F20+Profiles!$B$8*IF(H20="",F20,H20)+Profiles!$B$10*IF(I20="",F20,I20))+Profiles!$C$3*G20)/1000000+Profiles!$D$3*IF(J20="",0,J20) | L20: =(Profiles!$B$4*(Profiles!$B$9*F20+Profiles!$B$8*IF(H20="",F20,H20)+Profiles!$B$10*IF(I20="",F20,I20))+Profiles!$C$4*G20)/1000000+Profiles!$D$4*IF(J20="",0,J20) | M20: =(Profiles!$B$5*(Profiles!$B$9*F20+Profiles!$B$8*IF(H20="",F20,H20)+Profiles!$B$10*IF(I20="",F20,I20))+Profiles!$C$5*G20)/1000000+Profiles!$D$5*IF(J20="",0,J20) | N20: =K20+L20+M20 | O20: =3*N20
A21: 20 | B21: qwen/qwen3.8-max-0902 | C21: 2026-09-03 | F21: 2 | G21: 6 | H21: 0.25 | I21: 2.5 | K21: =(Profiles!$B$3*(Profiles!$B$9*F21+Profiles!$B$8*IF(H21="",F21,H21)+Profiles!$B$10*IF(I21="",F21,I21))+Profiles!$C$3*G21)/1000000+Profiles!$D$3*IF(J21="",0,J21) | L21: =(Profiles!$B$4*(Profiles!$B$9*F21+Profiles!$B$8*IF(H21="",F21,H21)+Profiles!$B$10*IF(I21="",F21,I21))+Profiles!$C$4*G21)/1000000+Profiles!$D$4*IF(J21="",0,J21) | M21: =(Profiles!$B$5*(Profiles!$B$9*F21+Profiles!$B$8*IF(H21="",F21,H21)+Profiles!$B$10*IF(I21="",F21,I21))+Profiles!$C$5*G21)/1000000+Profiles!$D$5*IF(J21="",0,J21) | N21: =K21+L21+M21 | O21: =3*N21
A22: 21 | B22: meta/muse-spark-1.3-contributor | C22: 2026-09-02 | D22: cheap contributor tier (check its data terms) | F22: 0.1 | G22: 0.2 | H22: 0.002 | K22: =(Profiles!$B$3*(Profiles!$B$9*F22+Profiles!$B$8*IF(H22="",F22,H22)+Profiles!$B$10*IF(I22="",F22,I22))+Profiles!$C$3*G22)/1000000+Profiles!$D$3*IF(J22="",0,J22) | L22: =(Profiles!$B$4*(Profiles!$B$9*F22+Profiles!$B$8*IF(H22="",F22,H22)+Profiles!$B$10*IF(I22="",F22,I22))+Profiles!$C$4*G22)/1000000+Profiles!$D$4*IF(J22="",0,J22) | M22: =(Profiles!$B$5*(Profiles!$B$9*F22+Profiles!$B$8*IF(H22="",F22,H22)+Profiles!$B$10*IF(I22="",F22,I22))+Profiles!$C$5*G22)/1000000+Profiles!$D$5*IF(J22="",0,J22) | N22: =K22+L22+M22 | O22: =3*N22
A23: 22 | B23: meta/muse-spark-1.3 | C23: 2026-09-02 | E23: yes | F23: 1.25 | G23: 4.25 | H23: 0.15 | K23: =(Profiles!$B$3*(Profiles!$B$9*F23+Profiles!$B$8*IF(H23="",F23,H23)+Profiles!$B$10*IF(I23="",F23,I23))+Profiles!$C$3*G23)/1000000+Profiles!$D$3*IF(J23="",0,J23) | L23: =(Profiles!$B$4*(Profiles!$B$9*F23+Profiles!$B$8*IF(H23="",F23,H23)+Profiles!$B$10*IF(I23="",F23,I23))+Profiles!$C$4*G23)/1000000+Profiles!$D$4*IF(J23="",0,J23) | M23: =(Profiles!$B$5*(Profiles!$B$9*F23+Profiles!$B$8*IF(H23="",F23,H23)+Profiles!$B$10*IF(I23="",F23,I23))+Profiles!$C$5*G23)/1000000+Profiles!$D$5*IF(J23="",0,J23) | N23: =K23+L23+M23 | O23: =3*N23
A24: 23 | B24: google/gemini-3.8-flash | C24: 2026-09-02 | E24: yes | F24: 0.75 | G24: 3.75 | H24: 0.075 | I24: 0.041666667 | J24: 7.5e-07 | K24: =(Profiles!$B$3*(Profiles!$B$9*F24+Profiles!$B$8*IF(H24="",F24,H24)+Profiles!$B$10*IF(I24="",F24,I24))+Profiles!$C$3*G24)/1000000+Profiles!$D$3*IF(J24="",0,J24) | L24: =(Profiles!$B$4*(Profiles!$B$9*F24+Profiles!$B$8*IF(H24="",F24,H24)+Profiles!$B$10*IF(I24="",F24,I24))+Profiles!$C$4*G24)/1000000+Profiles!$D$4*IF(J24="",0,J24) | M24: =(Profiles!$B$5*(Profiles!$B$9*F24+Profiles!$B$8*IF(H24="",F24,H24)+Profiles!$B$10*IF(I24="",F24,I24))+Profiles!$C$5*G24)/1000000+Profiles!$D$5*IF(J24="",0,J24) | N24: =K24+L24+M24 | O24: =3*N24
A25: 24 | B25: anthropic/claude-fable-5.1 | C25: 2026-09-01 | E25: yes | F25: 10 | G25: 50 | H25: 0.25 | I25: 12.5 | K25: =(Profiles!$B$3*(Profiles!$B$9*F25+Profiles!$B$8*IF(H25="",F25,H25)+Profiles!$B$10*IF(I25="",F25,I25))+Profiles!$C$3*G25)/1000000+Profiles!$D$3*IF(J25="",0,J25) | L25: =(Profiles!$B$4*(Profiles!$B$9*F25+Profiles!$B$8*IF(H25="",F25,H25)+Profiles!$B$10*IF(I25="",F25,I25))+Profiles!$C$4*G25)/1000000+Profiles!$D$4*IF(J25="",0,J25) | M25: =(Profiles!$B$5*(Profiles!$B$9*F25+Profiles!$B$8*IF(H25="",F25,H25)+Profiles!$B$10*IF(I25="",F25,I25))+Profiles!$C$5*G25)/1000000+Profiles!$D$5*IF(J25="",0,J25) | N25: =K25+L25+M25 | O25: =3*N25
A26: 25 | B26: qwen/qwen3.8-flash | C26: 2026-08-26 | F26: 0.15 | G26: 0.47 | H26: 0.016 | I26: 0.2 | K26: =(Profiles!$B$3*(Profiles!$B$9*F26+Profiles!$B$8*IF(H26="",F26,H26)+Profiles!$B$10*IF(I26="",F26,I26))+Profiles!$C$3*G26)/1000000+Profiles!$D$3*IF(J26="",0,J26) | L26: =(Profiles!$B$4*(Profiles!$B$9*F26+Profiles!$B$8*IF(H26="",F26,H26)+Profiles!$B$10*IF(I26="",F26,I26))+Profiles!$C$4*G26)/1000000+Profiles!$D$4*IF(J26="",0,J26) | M26: =(Profiles!$B$5*(Profiles!$B$9*F26+Profiles!$B$8*IF(H26="",F26,H26)+Profiles!$B$10*IF(I26="",F26,I26))+Profiles!$C$5*G26)/1000000+Profiles!$D$5*IF(J26="",0,J26) | N26: =K26+L26+M26 | O26: =3*N26
A27: 26 | B27: z-ai/glm-5.3-flash | C27: 2026-08-26 | E27: yes | F27: 0.15 | G27: 0.5 | H27: 0.03 | K27: =(Profiles!$B$3*(Profiles!$B$9*F27+Profiles!$B$8*IF(H27="",F27,H27)+Profiles!$B$10*IF(I27="",F27,I27))+Profiles!$C$3*G27)/1000000+Profiles!$D$3*IF(J27="",0,J27) | L27: =(Profiles!$B$4*(Profiles!$B$9*F27+Profiles!$B$8*IF(H27="",F27,H27)+Profiles!$B$10*IF(I27="",F27,I27))+Profiles!$C$4*G27)/1000000+Profiles!$D$4*IF(J27="",0,J27) | M27: =(Profiles!$B$5*(Profiles!$B$9*F27+Profiles!$B$8*IF(H27="",F27,H27)+Profiles!$B$10*IF(I27="",F27,I27))+Profiles!$C$5*G27)/1000000+Profiles!$D$5*IF(J27="",0,J27) | N27: =K27+L27+M27 | O27: =3*N27
A28: 27 | B28: meta/muse-spark-1.2-contributor | C28: 2026-08-21 | F28: 0.1 | G28: 0.2 | H28: 0.002 | K28: =(Profiles!$B$3*(Profiles!$B$9*F28+Profiles!$B$8*IF(H28="",F28,H28)+Profiles!$B$10*IF(I28="",F28,I28))+Profiles!$C$3*G28)/1000000+Profiles!$D$3*IF(J28="",0,J28) | L28: =(Profiles!$B$4*(Profiles!$B$9*F28+Profiles!$B$8*IF(H28="",F28,H28)+Profiles!$B$10*IF(I28="",F28,I28))+Profiles!$C$4*G28)/1000000+Profiles!$D$4*IF(J28="",0,J28) | M28: =(Profiles!$B$5*(Profiles!$B$9*F28+Profiles!$B$8*IF(H28="",F28,H28)+Profiles!$B$10*IF(I28="",F28,I28))+Profiles!$C$5*G28)/1000000+Profiles!$D$5*IF(J28="",0,J28) | N28: =K28+L28+M28 | O28: =3*N28
A29: 28 | B29: deepseek/deepseek-v4-flash-vision-exp | C29: 2026-08-21 | F29: 0.44 | G29: 1.32 | H29: 0.014 | K29: =(Profiles!$B$3*(Profiles!$B$9*F29+Profiles!$B$8*IF(H29="",F29,H29)+Profiles!$B$10*IF(I29="",F29,I29))+Profiles!$C$3*G29)/1000000+Profiles!$D$3*IF(J29="",0,J29) | L29: =(Profiles!$B$4*(Profiles!$B$9*F29+Profiles!$B$8*IF(H29="",F29,H29)+Profiles!$B$10*IF(I29="",F29,I29))+Profiles!$C$4*G29)/1000000+Profiles!$D$4*IF(J29="",0,J29) | M29: =(Profiles!$B$5*(Profiles!$B$9*F29+Profiles!$B$8*IF(H29="",F29,H29)+Profiles!$B$10*IF(I29="",F29,I29))+Profiles!$C$5*G29)/1000000+Profiles!$D$5*IF(J29="",0,J29) | N29: =K29+L29+M29 | O29: =3*N29
A30: 29 | B30: qwen/qwen3.8-27b | C30: 2026-08-14 | F30: 0.42 | G30: 3 | H30: 0.085 | K30: =(Profiles!$B$3*(Profiles!$B$9*F30+Profiles!$B$8*IF(H30="",F30,H30)+Profiles!$B$10*IF(I30="",F30,I30))+Profiles!$C$3*G30)/1000000+Profiles!$D$3*IF(J30="",0,J30) | L30: =(Profiles!$B$4*(Profiles!$B$9*F30+Profiles!$B$8*IF(H30="",F30,H30)+Profiles!$B$10*IF(I30="",F30,I30))+Profiles!$C$4*G30)/1000000+Profiles!$D$4*IF(J30="",0,J30) | M30: =(Profiles!$B$5*(Profiles!$B$9*F30+Profiles!$B$8*IF(H30="",F30,H30)+Profiles!$B$10*IF(I30="",F30,I30))+Profiles!$C$5*G30)/1000000+Profiles!$D$5*IF(J30="",0,J30) | N30: =K30+L30+M30 | O30: =3*N30
A31: 30 | B31: google/gemini-3.7-flash | C31: 2026-08-13 | F31: 0.75 | G31: 3.75 | H31: 0.075 | I31: 0.041666667 | J31: 7.5e-07 | K31: =(Profiles!$B$3*(Profiles!$B$9*F31+Profiles!$B$8*IF(H31="",F31,H31)+Profiles!$B$10*IF(I31="",F31,I31))+Profiles!$C$3*G31)/1000000+Profiles!$D$3*IF(J31="",0,J31) | L31: =(Profiles!$B$4*(Profiles!$B$9*F31+Profiles!$B$8*IF(H31="",F31,H31)+Profiles!$B$10*IF(I31="",F31,I31))+Profiles!$C$4*G31)/1000000+Profiles!$D$4*IF(J31="",0,J31) | M31: =(Profiles!$B$5*(Profiles!$B$9*F31+Profiles!$B$8*IF(H31="",F31,H31)+Profiles!$B$10*IF(I31="",F31,I31))+Profiles!$C$5*G31)/1000000+Profiles!$D$5*IF(J31="",0,J31) | N31: =K31+L31+M31 | O31: =3*N31
A32: 31 | B32: bytedance-seed/seed-2-1-turbo | C32: 2026-08-12 | F32: 0.5 | G32: 2.5 | K32: =(Profiles!$B$3*(Profiles!$B$9*F32+Profiles!$B$8*IF(H32="",F32,H32)+Profiles!$B$10*IF(I32="",F32,I32))+Profiles!$C$3*G32)/1000000+Profiles!$D$3*IF(J32="",0,J32) | L32: =(Profiles!$B$4*(Profiles!$B$9*F32+Profiles!$B$8*IF(H32="",F32,H32)+Profiles!$B$10*IF(I32="",F32,I32))+Profiles!$C$4*G32)/1000000+Profiles!$D$4*IF(J32="",0,J32) | M32: =(Profiles!$B$5*(Profiles!$B$9*F32+Profiles!$B$8*IF(H32="",F32,H32)+Profiles!$B$10*IF(I32="",F32,I32))+Profiles!$C$5*G32)/1000000+Profiles!$D$5*IF(J32="",0,J32) | N32: =K32+L32+M32 | O32: =3*N32
A33: 32 | B33: bytedance-seed/seed-2.0-code | C33: 2026-08-12 | F33: 0.5 | G33: 3 | K33: =(Profiles!$B$3*(Profiles!$B$9*F33+Profiles!$B$8*IF(H33="",F33,H33)+Profiles!$B$10*IF(I33="",F33,I33))+Profiles!$C$3*G33)/1000000+Profiles!$D$3*IF(J33="",0,J33) | L33: =(Profiles!$B$4*(Profiles!$B$9*F33+Profiles!$B$8*IF(H33="",F33,H33)+Profiles!$B$10*IF(I33="",F33,I33))+Profiles!$C$4*G33)/1000000+Profiles!$D$4*IF(J33="",0,J33) | M33: =(Profiles!$B$5*(Profiles!$B$9*F33+Profiles!$B$8*IF(H33="",F33,H33)+Profiles!$B$10*IF(I33="",F33,I33))+Profiles!$C$5*G33)/1000000+Profiles!$D$5*IF(J33="",0,J33) | N33: =K33+L33+M33 | O33: =3*N33
A34: 33 | B34: x-ai/grok-4.6 | C34: 2026-08-12 | F34: 2 | G34: 6 | H34: 0.5 | K34: =(Profiles!$B$3*(Profiles!$B$9*F34+Profiles!$B$8*IF(H34="",F34,H34)+Profiles!$B$10*IF(I34="",F34,I34))+Profiles!$C$3*G34)/1000000+Profiles!$D$3*IF(J34="",0,J34) | L34: =(Profiles!$B$4*(Profiles!$B$9*F34+Profiles!$B$8*IF(H34="",F34,H34)+Profiles!$B$10*IF(I34="",F34,I34))+Profiles!$C$4*G34)/1000000+Profiles!$D$4*IF(J34="",0,J34) | M34: =(Profiles!$B$5*(Profiles!$B$9*F34+Profiles!$B$8*IF(H34="",F34,H34)+Profiles!$B$10*IF(I34="",F34,I34))+Profiles!$C$5*G34)/1000000+Profiles!$D$5*IF(J34="",0,J34) | N34: =K34+L34+M34 | O34: =3*N34
A35: 34 | B35: meta/muse-glimmer-30b | C35: 2026-08-09 | F35: 0.3 | G35: 1.2 | H35: 0.04 | K35: =(Profiles!$B$3*(Profiles!$B$9*F35+Profiles!$B$8*IF(H35="",F35,H35)+Profiles!$B$10*IF(I35="",F35,I35))+Profiles!$C$3*G35)/1000000+Profiles!$D$3*IF(J35="",0,J35) | L35: =(Profiles!$B$4*(Profiles!$B$9*F35+Profiles!$B$8*IF(H35="",F35,H35)+Profiles!$B$10*IF(I35="",F35,I35))+Profiles!$C$4*G35)/1000000+Profiles!$D$4*IF(J35="",0,J35) | M35: =(Profiles!$B$5*(Profiles!$B$9*F35+Profiles!$B$8*IF(H35="",F35,H35)+Profiles!$B$10*IF(I35="",F35,I35))+Profiles!$C$5*G35)/1000000+Profiles!$D$5*IF(J35="",0,J35) | N35: =K35+L35+M35 | O35: =3*N35
A36: 35 | B36: meta/muse-spark-1.2 | C36: 2026-08-05 | F36: 1.25 | G36: 4.25 | H36: 0.15 | K36: =(Profiles!$B$3*(Profiles!$B$9*F36+Profiles!$B$8*IF(H36="",F36,H36)+Profiles!$B$10*IF(I36="",F36,I36))+Profiles!$C$3*G36)/1000000+Profiles!$D$3*IF(J36="",0,J36) | L36: =(Profiles!$B$4*(Profiles!$B$9*F36+Profiles!$B$8*IF(H36="",F36,H36)+Profiles!$B$10*IF(I36="",F36,I36))+Profiles!$C$4*G36)/1000000+Profiles!$D$4*IF(J36="",0,J36) | M36: =(Profiles!$B$5*(Profiles!$B$9*F36+Profiles!$B$8*IF(H36="",F36,H36)+Profiles!$B$10*IF(I36="",F36,I36))+Profiles!$C$5*G36)/1000000+Profiles!$D$5*IF(J36="",0,J36) | N36: =K36+L36+M36 | O36: =3*N36
A37: 36 | B37: thinkingmachines/inkling-small | C37: 2026-07-30 | F37: 0.45 | G37: 1.2 | H37: 0.1 | K37: =(Profiles!$B$3*(Profiles!$B$9*F37+Profiles!$B$8*IF(H37="",F37,H37)+Profiles!$B$10*IF(I37="",F37,I37))+Profiles!$C$3*G37)/1000000+Profiles!$D$3*IF(J37="",0,J37) | L37: =(Profiles!$B$4*(Profiles!$B$9*F37+Profiles!$B$8*IF(H37="",F37,H37)+Profiles!$B$10*IF(I37="",F37,I37))+Profiles!$C$4*G37)/1000000+Profiles!$D$4*IF(J37="",0,J37) | M37: =(Profiles!$B$5*(Profiles!$B$9*F37+Profiles!$B$8*IF(H37="",F37,H37)+Profiles!$B$10*IF(I37="",F37,I37))+Profiles!$C$5*G37)/1000000+Profiles!$D$5*IF(J37="",0,J37) | N37: =K37+L37+M37 | O37: =3*N37
A38: 37 | B38: qwen/qwen3.7-flash | C38: 2026-07-27 | F38: 0.03 | G38: 0.13 | H38: 0.006 | I38: 0.038 | K38: =(Profiles!$B$3*(Profiles!$B$9*F38+Profiles!$B$8*IF(H38="",F38,H38)+Profiles!$B$10*IF(I38="",F38,I38))+Profiles!$C$3*G38)/1000000+Profiles!$D$3*IF(J38="",0,J38) | L38: =(Profiles!$B$4*(Profiles!$B$9*F38+Profiles!$B$8*IF(H38="",F38,H38)+Profiles!$B$10*IF(I38="",F38,I38))+Profiles!$C$4*G38)/1000000+Profiles!$D$4*IF(J38="",0,J38) | M38: =(Profiles!$B$5*(Profiles!$B$9*F38+Profiles!$B$8*IF(H38="",F38,H38)+Profiles!$B$10*IF(I38="",F38,I38))+Profiles!$C$5*G38)/1000000+Profiles!$D$5*IF(J38="",0,J38) | N38: =K38+L38+M38 | O38: =3*N38
A39: 38 | B39: anthropic/claude-opus-5 | C39: 2026-07-24 | F39: 5 | G39: 25 | H39: 0.5 | I39: 6.25 | K39: =(Profiles!$B$3*(Profiles!$B$9*F39+Profiles!$B$8*IF(H39="",F39,H39)+Profiles!$B$10*IF(I39="",F39,I39))+Profiles!$C$3*G39)/1000000+Profiles!$D$3*IF(J39="",0,J39) | L39: =(Profiles!$B$4*(Profiles!$B$9*F39+Profiles!$B$8*IF(H39="",F39,H39)+Profiles!$B$10*IF(I39="",F39,I39))+Profiles!$C$4*G39)/1000000+Profiles!$D$4*IF(J39="",0,J39) | M39: =(Profiles!$B$5*(Profiles!$B$9*F39+Profiles!$B$8*IF(H39="",F39,H39)+Profiles!$B$10*IF(I39="",F39,I39))+Profiles!$C$5*G39)/1000000+Profiles!$D$5*IF(J39="",0,J39) | N39: =K39+L39+M39 | O39: =3*N39
A40: 39 | B40: google/gemini-3.6-flash | C40: 2026-07-21 | F40: 0.75 | G40: 3.75 | H40: 0.075 | I40: 0.041666667 | J40: 7.5e-07 | K40: =(Profiles!$B$3*(Profiles!$B$9*F40+Profiles!$B$8*IF(H40="",F40,H40)+Profiles!$B$10*IF(I40="",F40,I40))+Profiles!$C$3*G40)/1000000+Profiles!$D$3*IF(J40="",0,J40) | L40: =(Profiles!$B$4*(Profiles!$B$9*F40+Profiles!$B$8*IF(H40="",F40,H40)+Profiles!$B$10*IF(I40="",F40,I40))+Profiles!$C$4*G40)/1000000+Profiles!$D$4*IF(J40="",0,J40) | M40: =(Profiles!$B$5*(Profiles!$B$9*F40+Profiles!$B$8*IF(H40="",F40,H40)+Profiles!$B$10*IF(I40="",F40,I40))+Profiles!$C$5*G40)/1000000+Profiles!$D$5*IF(J40="",0,J40) | N40: =K40+L40+M40 | O40: =3*N40
A41: 40 | B41: google/gemini-3.5-flash-lite | C41: 2026-07-21 | D41: Flash Lite line (3.5 is its newest) | F41: 0.3 | G41: 2.5 | H41: 0.03 | I41: 0.083333333 | J41: 3e-07 | K41: =(Profiles!$B$3*(Profiles!$B$9*F41+Profiles!$B$8*IF(H41="",F41,H41)+Profiles!$B$10*IF(I41="",F41,I41))+Profiles!$C$3*G41)/1000000+Profiles!$D$3*IF(J41="",0,J41) | L41: =(Profiles!$B$4*(Profiles!$B$9*F41+Profiles!$B$8*IF(H41="",F41,H41)+Profiles!$B$10*IF(I41="",F41,I41))+Profiles!$C$4*G41)/1000000+Profiles!$D$4*IF(J41="",0,J41) | M41: =(Profiles!$B$5*(Profiles!$B$9*F41+Profiles!$B$8*IF(H41="",F41,H41)+Profiles!$B$10*IF(I41="",F41,I41))+Profiles!$C$5*G41)/1000000+Profiles!$D$5*IF(J41="",0,J41) | N41: =K41+L41+M41 | O41: =3*N41
A42: 41 | B42: thinkingmachines/inkling | C42: 2026-07-17 | F42: 1 | G42: 4.05 | H42: 0.17 | K42: =(Profiles!$B$3*(Profiles!$B$9*F42+Profiles!$B$8*IF(H42="",F42,H42)+Profiles!$B$10*IF(I42="",F42,I42))+Profiles!$C$3*G42)/1000000+Profiles!$D$3*IF(J42="",0,J42) | L42: =(Profiles!$B$4*(Profiles!$B$9*F42+Profiles!$B$8*IF(H42="",F42,H42)+Profiles!$B$10*IF(I42="",F42,I42))+Profiles!$C$4*G42)/1000000+Profiles!$D$4*IF(J42="",0,J42) | M42: =(Profiles!$B$5*(Profiles!$B$9*F42+Profiles!$B$8*IF(H42="",F42,H42)+Profiles!$B$10*IF(I42="",F42,I42))+Profiles!$C$5*G42)/1000000+Profiles!$D$5*IF(J42="",0,J42) | N42: =K42+L42+M42 | O42: =3*N42
A43: 42 | B43: moonshotai/kimi-k3 | C43: 2026-07-16 | E43: yes | F43: 3 | G43: 15 | H43: 0.3 | K43: =(Profiles!$B$3*(Profiles!$B$9*F43+Profiles!$B$8*IF(H43="",F43,H43)+Profiles!$B$10*IF(I43="",F43,I43))+Profiles!$C$3*G43)/1000000+Profiles!$D$3*IF(J43="",0,J43) | L43: =(Profiles!$B$4*(Profiles!$B$9*F43+Profiles!$B$8*IF(H43="",F43,H43)+Profiles!$B$10*IF(I43="",F43,I43))+Profiles!$C$4*G43)/1000000+Profiles!$D$4*IF(J43="",0,J43) | M43: =(Profiles!$B$5*(Profiles!$B$9*F43+Profiles!$B$8*IF(H43="",F43,H43)+Profiles!$B$10*IF(I43="",F43,I43))+Profiles!$C$5*G43)/1000000+Profiles!$D$5*IF(J43="",0,J43) | N43: =K43+L43+M43 | O43: =3*N43
A44: 43 | B44: meta/muse-spark-1.1 | C44: 2026-07-16 | F44: 1.25 | G44: 4.25 | H44: 0.15 | K44: =(Profiles!$B$3*(Profiles!$B$9*F44+Profiles!$B$8*IF(H44="",F44,H44)+Profiles!$B$10*IF(I44="",F44,I44))+Profiles!$C$3*G44)/1000000+Profiles!$D$3*IF(J44="",0,J44) | L44: =(Profiles!$B$4*(Profiles!$B$9*F44+Profiles!$B$8*IF(H44="",F44,H44)+Profiles!$B$10*IF(I44="",F44,I44))+Profiles!$C$4*G44)/1000000+Profiles!$D$4*IF(J44="",0,J44) | M44: =(Profiles!$B$5*(Profiles!$B$9*F44+Profiles!$B$8*IF(H44="",F44,H44)+Profiles!$B$10*IF(I44="",F44,I44))+Profiles!$C$5*G44)/1000000+Profiles!$D$5*IF(J44="",0,J44) | N44: =K44+L44+M44 | O44: =3*N44
A45: 44 | B45: openai/gpt-5.6-luna | C45: 2026-07-09 | F45: 0.2 | G45: 1.2 | H45: 0.02 | I45: 0.25 | K45: =(Profiles!$B$3*(Profiles!$B$9*F45+Profiles!$B$8*IF(H45="",F45,H45)+Profiles!$B$10*IF(I45="",F45,I45))+Profiles!$C$3*G45)/1000000+Profiles!$D$3*IF(J45="",0,J45) | L45: =(Profiles!$B$4*(Profiles!$B$9*F45+Profiles!$B$8*IF(H45="",F45,H45)+Profiles!$B$10*IF(I45="",F45,I45))+Profiles!$C$4*G45)/1000000+Profiles!$D$4*IF(J45="",0,J45) | M45: =(Profiles!$B$5*(Profiles!$B$9*F45+Profiles!$B$8*IF(H45="",F45,H45)+Profiles!$B$10*IF(I45="",F45,I45))+Profiles!$C$5*G45)/1000000+Profiles!$D$5*IF(J45="",0,J45) | N45: =K45+L45+M45 | O45: =3*N45
A46: 45 | B46: openai/gpt-5.6-terra | C46: 2026-07-09 | F46: 2 | G46: 12 | H46: 0.2 | I46: 2.5 | K46: =(Profiles!$B$3*(Profiles!$B$9*F46+Profiles!$B$8*IF(H46="",F46,H46)+Profiles!$B$10*IF(I46="",F46,I46))+Profiles!$C$3*G46)/1000000+Profiles!$D$3*IF(J46="",0,J46) | L46: =(Profiles!$B$4*(Profiles!$B$9*F46+Profiles!$B$8*IF(H46="",F46,H46)+Profiles!$B$10*IF(I46="",F46,I46))+Profiles!$C$4*G46)/1000000+Profiles!$D$4*IF(J46="",0,J46) | M46: =(Profiles!$B$5*(Profiles!$B$9*F46+Profiles!$B$8*IF(H46="",F46,H46)+Profiles!$B$10*IF(I46="",F46,I46))+Profiles!$C$5*G46)/1000000+Profiles!$D$5*IF(J46="",0,J46) | N46: =K46+L46+M46 | O46: =3*N46
A47: 46 | B47: openai/gpt-5.6-sol | C47: 2026-07-09 | F47: 2 | G47: 10 | H47: 0.2 | I47: 2.5 | K47: =(Profiles!$B$3*(Profiles!$B$9*F47+Profiles!$B$8*IF(H47="",F47,H47)+Profiles!$B$10*IF(I47="",F47,I47))+Profiles!$C$3*G47)/1000000+Profiles!$D$3*IF(J47="",0,J47) | L47: =(Profiles!$B$4*(Profiles!$B$9*F47+Profiles!$B$8*IF(H47="",F47,H47)+Profiles!$B$10*IF(I47="",F47,I47))+Profiles!$C$4*G47)/1000000+Profiles!$D$4*IF(J47="",0,J47) | M47: =(Profiles!$B$5*(Profiles!$B$9*F47+Profiles!$B$8*IF(H47="",F47,H47)+Profiles!$B$10*IF(I47="",F47,I47))+Profiles!$C$5*G47)/1000000+Profiles!$D$5*IF(J47="",0,J47) | N47: =K47+L47+M47 | O47: =3*N47
A48: 47 | B48: x-ai/grok-4.5 | C48: 2026-07-08 | F48: 2 | G48: 6 | H48: 0.3 | K48: =(Profiles!$B$3*(Profiles!$B$9*F48+Profiles!$B$8*IF(H48="",F48,H48)+Profiles!$B$10*IF(I48="",F48,I48))+Profiles!$C$3*G48)/1000000+Profiles!$D$3*IF(J48="",0,J48) | L48: =(Profiles!$B$4*(Profiles!$B$9*F48+Profiles!$B$8*IF(H48="",F48,H48)+Profiles!$B$10*IF(I48="",F48,I48))+Profiles!$C$4*G48)/1000000+Profiles!$D$4*IF(J48="",0,J48) | M48: =(Profiles!$B$5*(Profiles!$B$9*F48+Profiles!$B$8*IF(H48="",F48,H48)+Profiles!$B$10*IF(I48="",F48,I48))+Profiles!$C$5*G48)/1000000+Profiles!$D$5*IF(J48="",0,J48) | N48: =K48+L48+M48 | O48: =3*N48
A49: 48 | B49: anthropic/claude-sonnet-5 | C49: 2026-06-30 | F49: 2 | G49: 10 | H49: 0.2 | I49: 2.5 | K49: =(Profiles!$B$3*(Profiles!$B$9*F49+Profiles!$B$8*IF(H49="",F49,H49)+Profiles!$B$10*IF(I49="",F49,I49))+Profiles!$C$3*G49)/1000000+Profiles!$D$3*IF(J49="",0,J49) | L49: =(Profiles!$B$4*(Profiles!$B$9*F49+Profiles!$B$8*IF(H49="",F49,H49)+Profiles!$B$10*IF(I49="",F49,I49))+Profiles!$C$4*G49)/1000000+Profiles!$D$4*IF(J49="",0,J49) | M49: =(Profiles!$B$5*(Profiles!$B$9*F49+Profiles!$B$8*IF(H49="",F49,H49)+Profiles!$B$10*IF(I49="",F49,I49))+Profiles!$C$5*G49)/1000000+Profiles!$D$5*IF(J49="",0,J49) | N49: =K49+L49+M49 | O49: =3*N49
A50: 49 | B50: moonshotai/kimi-k2.7-code | C50: 2026-06-12 | F50: 0.6562 | G50: 3.3 | H50: 0.18 | K50: =(Profiles!$B$3*(Profiles!$B$9*F50+Profiles!$B$8*IF(H50="",F50,H50)+Profiles!$B$10*IF(I50="",F50,I50))+Profiles!$C$3*G50)/1000000+Profiles!$D$3*IF(J50="",0,J50) | L50: =(Profiles!$B$4*(Profiles!$B$9*F50+Profiles!$B$8*IF(H50="",F50,H50)+Profiles!$B$10*IF(I50="",F50,I50))+Profiles!$C$4*G50)/1000000+Profiles!$D$4*IF(J50="",0,J50) | M50: =(Profiles!$B$5*(Profiles!$B$9*F50+Profiles!$B$8*IF(H50="",F50,H50)+Profiles!$B$10*IF(I50="",F50,I50))+Profiles!$C$5*G50)/1000000+Profiles!$D$5*IF(J50="",0,J50) | N50: =K50+L50+M50 | O50: =3*N50
A51: 50 | B51: anthropic/claude-fable-5 | C51: 2026-06-09 | F51: 10 | G51: 50 | H51: 1 | I51: 12.5 | K51: =(Profiles!$B$3*(Profiles!$B$9*F51+Profiles!$B$8*IF(H51="",F51,H51)+Profiles!$B$10*IF(I51="",F51,I51))+Profiles!$C$3*G51)/1000000+Profiles!$D$3*IF(J51="",0,J51) | L51: =(Profiles!$B$4*(Profiles!$B$9*F51+Profiles!$B$8*IF(H51="",F51,H51)+Profiles!$B$10*IF(I51="",F51,I51))+Profiles!$C$4*G51)/1000000+Profiles!$D$4*IF(J51="",0,J51) | M51: =(Profiles!$B$5*(Profiles!$B$9*F51+Profiles!$B$8*IF(H51="",F51,H51)+Profiles!$B$10*IF(I51="",F51,I51))+Profiles!$C$5*G51)/1000000+Profiles!$D$5*IF(J51="",0,J51) | N51: =K51+L51+M51 | O51: =3*N51
A52: 51 | B52: qwen/qwen3.7-plus | C52: 2026-06-03 | F52: 0.32 | G52: 1.28 | H52: 0.064 | I52: 0.4 | K52: =(Profiles!$B$3*(Profiles!$B$9*F52+Profiles!$B$8*IF(H52="",F52,H52)+Profiles!$B$10*IF(I52="",F52,I52))+Profiles!$C$3*G52)/1000000+Profiles!$D$3*IF(J52="",0,J52) | L52: =(Profiles!$B$4*(Profiles!$B$9*F52+Profiles!$B$8*IF(H52="",F52,H52)+Profiles!$B$10*IF(I52="",F52,I52))+Profiles!$C$4*G52)/1000000+Profiles!$D$4*IF(J52="",0,J52) | M52: =(Profiles!$B$5*(Profiles!$B$9*F52+Profiles!$B$8*IF(H52="",F52,H52)+Profiles!$B$10*IF(I52="",F52,I52))+Profiles!$C$5*G52)/1000000+Profiles!$D$5*IF(J52="",0,J52) | N52: =K52+L52+M52 | O52: =3*N52
A53: 52 | B53: minimax/minimax-m3 | C53: 2026-05-31 | F53: 0.3 | G53: 1.2 | H53: 0.06 | K53: =(Profiles!$B$3*(Profiles!$B$9*F53+Profiles!$B$8*IF(H53="",F53,H53)+Profiles!$B$10*IF(I53="",F53,I53))+Profiles!$C$3*G53)/1000000+Profiles!$D$3*IF(J53="",0,J53) | L53: =(Profiles!$B$4*(Profiles!$B$9*F53+Profiles!$B$8*IF(H53="",F53,H53)+Profiles!$B$10*IF(I53="",F53,I53))+Profiles!$C$4*G53)/1000000+Profiles!$D$4*IF(J53="",0,J53) | M53: =(Profiles!$B$5*(Profiles!$B$9*F53+Profiles!$B$8*IF(H53="",F53,H53)+Profiles!$B$10*IF(I53="",F53,I53))+Profiles!$C$5*G53)/1000000+Profiles!$D$5*IF(J53="",0,J53) | N53: =K53+L53+M53 | O53: =3*N53
A54: 53 | B54: stepfun/step-3.7-flash | C54: 2026-05-28 | F54: 0.2 | G54: 1.15 | H54: 0.04 | K54: =(Profiles!$B$3*(Profiles!$B$9*F54+Profiles!$B$8*IF(H54="",F54,H54)+Profiles!$B$10*IF(I54="",F54,I54))+Profiles!$C$3*G54)/1000000+Profiles!$D$3*IF(J54="",0,J54) | L54: =(Profiles!$B$4*(Profiles!$B$9*F54+Profiles!$B$8*IF(H54="",F54,H54)+Profiles!$B$10*IF(I54="",F54,I54))+Profiles!$C$4*G54)/1000000+Profiles!$D$4*IF(J54="",0,J54) | M54: =(Profiles!$B$5*(Profiles!$B$9*F54+Profiles!$B$8*IF(H54="",F54,H54)+Profiles!$B$10*IF(I54="",F54,I54))+Profiles!$C$5*G54)/1000000+Profiles!$D$5*IF(J54="",0,J54) | N54: =K54+L54+M54 | O54: =3*N54
A55: 54 | B55: anthropic/claude-opus-4.8 | C55: 2026-05-27 | F55: 5 | G55: 25 | H55: 0.5 | I55: 6.25 | K55: =(Profiles!$B$3*(Profiles!$B$9*F55+Profiles!$B$8*IF(H55="",F55,H55)+Profiles!$B$10*IF(I55="",F55,I55))+Profiles!$C$3*G55)/1000000+Profiles!$D$3*IF(J55="",0,J55) | L55: =(Profiles!$B$4*(Profiles!$B$9*F55+Profiles!$B$8*IF(H55="",F55,H55)+Profiles!$B$10*IF(I55="",F55,I55))+Profiles!$C$4*G55)/1000000+Profiles!$D$4*IF(J55="",0,J55) | M55: =(Profiles!$B$5*(Profiles!$B$9*F55+Profiles!$B$8*IF(H55="",F55,H55)+Profiles!$B$10*IF(I55="",F55,I55))+Profiles!$C$5*G55)/1000000+Profiles!$D$5*IF(J55="",0,J55) | N55: =K55+L55+M55 | O55: =3*N55
A56: 55 | B56: x-ai/grok-build-0.1 | C56: 2026-05-20 | D56: xAI's coding model | F56: 1 | G56: 2 | H56: 0.2 | K56: =(Profiles!$B$3*(Profiles!$B$9*F56+Profiles!$B$8*IF(H56="",F56,H56)+Profiles!$B$10*IF(I56="",F56,I56))+Profiles!$C$3*G56)/1000000+Profiles!$D$3*IF(J56="",0,J56) | L56: =(Profiles!$B$4*(Profiles!$B$9*F56+Profiles!$B$8*IF(H56="",F56,H56)+Profiles!$B$10*IF(I56="",F56,I56))+Profiles!$C$4*G56)/1000000+Profiles!$D$4*IF(J56="",0,J56) | M56: =(Profiles!$B$5*(Profiles!$B$9*F56+Profiles!$B$8*IF(H56="",F56,H56)+Profiles!$B$10*IF(I56="",F56,I56))+Profiles!$C$5*G56)/1000000+Profiles!$D$5*IF(J56="",0,J56) | N56: =K56+L56+M56 | O56: =3*N56
A57: 56 | B57: google/gemini-3.5-flash | C57: 2026-05-19 | F57: 1.5 | G57: 9 | H57: 0.15 | I57: 0.083333333 | J57: 1.5e-06 | K57: =(Profiles!$B$3*(Profiles!$B$9*F57+Profiles!$B$8*IF(H57="",F57,H57)+Profiles!$B$10*IF(I57="",F57,I57))+Profiles!$C$3*G57)/1000000+Profiles!$D$3*IF(J57="",0,J57) | L57: =(Profiles!$B$4*(Profiles!$B$9*F57+Profiles!$B$8*IF(H57="",F57,H57)+Profiles!$B$10*IF(I57="",F57,I57))+Profiles!$C$4*G57)/1000000+Profiles!$D$4*IF(J57="",0,J57) | M57: =(Profiles!$B$5*(Profiles!$B$9*F57+Profiles!$B$8*IF(H57="",F57,H57)+Profiles!$B$10*IF(I57="",F57,I57))+Profiles!$C$5*G57)/1000000+Profiles!$D$5*IF(J57="",0,J57) | N57: =K57+L57+M57 | O57: =3*N57
A58: 57 | B58: google/gemini-3.1-flash-lite | C58: 2026-05-07 | F58: 0.25 | G58: 1.5 | H58: 0.025 | I58: 0.083333333 | J58: 2.5e-07 | K58: =(Profiles!$B$3*(Profiles!$B$9*F58+Profiles!$B$8*IF(H58="",F58,H58)+Profiles!$B$10*IF(I58="",F58,I58))+Profiles!$C$3*G58)/1000000+Profiles!$D$3*IF(J58="",0,J58) | L58: =(Profiles!$B$4*(Profiles!$B$9*F58+Profiles!$B$8*IF(H58="",F58,H58)+Profiles!$B$10*IF(I58="",F58,I58))+Profiles!$C$4*G58)/1000000+Profiles!$D$4*IF(J58="",0,J58) | M58: =(Profiles!$B$5*(Profiles!$B$9*F58+Profiles!$B$8*IF(H58="",F58,H58)+Profiles!$B$10*IF(I58="",F58,I58))+Profiles!$C$5*G58)/1000000+Profiles!$D$5*IF(J58="",0,J58) | N58: =K58+L58+M58 | O58: =3*N58
A59: 58 | B59: openai/gpt-chat-latest | C59: 2026-05-05 | F59: 5 | G59: 30 | H59: 0.5 | K59: =(Profiles!$B$3*(Profiles!$B$9*F59+Profiles!$B$8*IF(H59="",F59,H59)+Profiles!$B$10*IF(I59="",F59,I59))+Profiles!$C$3*G59)/1000000+Profiles!$D$3*IF(J59="",0,J59) | L59: =(Profiles!$B$4*(Profiles!$B$9*F59+Profiles!$B$8*IF(H59="",F59,H59)+Profiles!$B$10*IF(I59="",F59,I59))+Profiles!$C$4*G59)/1000000+Profiles!$D$4*IF(J59="",0,J59) | M59: =(Profiles!$B$5*(Profiles!$B$9*F59+Profiles!$B$8*IF(H59="",F59,H59)+Profiles!$B$10*IF(I59="",F59,I59))+Profiles!$C$5*G59)/1000000+Profiles!$D$5*IF(J59="",0,J59) | N59: =K59+L59+M59 | O59: =3*N59
A60: 59 | B60: x-ai/grok-4.3 | C60: 2026-05-01 | F60: 1.25 | G60: 2.5 | H60: 0.2 | K60: =(Profiles!$B$3*(Profiles!$B$9*F60+Profiles!$B$8*IF(H60="",F60,H60)+Profiles!$B$10*IF(I60="",F60,I60))+Profiles!$C$3*G60)/1000000+Profiles!$D$3*IF(J60="",0,J60) | L60: =(Profiles!$B$4*(Profiles!$B$9*F60+Profiles!$B$8*IF(H60="",F60,H60)+Profiles!$B$10*IF(I60="",F60,I60))+Profiles!$C$4*G60)/1000000+Profiles!$D$4*IF(J60="",0,J60) | M60: =(Profiles!$B$5*(Profiles!$B$9*F60+Profiles!$B$8*IF(H60="",F60,H60)+Profiles!$B$10*IF(I60="",F60,I60))+Profiles!$C$5*G60)/1000000+Profiles!$D$5*IF(J60="",0,J60) | N60: =K60+L60+M60 | O60: =3*N60
A61: 60 | B61: mistralai/mistral-medium-3-5 | C61: 2026-04-30 | D61: cached tokens at 10% per Mistral (not listed on OpenRouter) | F61: 1.5 | G61: 7.5 | H61: 0.15 | K61: =(Profiles!$B$3*(Profiles!$B$9*F61+Profiles!$B$8*IF(H61="",F61,H61)+Profiles!$B$10*IF(I61="",F61,I61))+Profiles!$C$3*G61)/1000000+Profiles!$D$3*IF(J61="",0,J61) | L61: =(Profiles!$B$4*(Profiles!$B$9*F61+Profiles!$B$8*IF(H61="",F61,H61)+Profiles!$B$10*IF(I61="",F61,I61))+Profiles!$C$4*G61)/1000000+Profiles!$D$4*IF(J61="",0,J61) | M61: =(Profiles!$B$5*(Profiles!$B$9*F61+Profiles!$B$8*IF(H61="",F61,H61)+Profiles!$B$10*IF(I61="",F61,I61))+Profiles!$C$5*G61)/1000000+Profiles!$D$5*IF(J61="",0,J61) | N61: =K61+L61+M61 | O61: =3*N61
A62: 61 | B62: qwen/qwen3.5-plus-20260420 | C62: 2026-04-27 | F62: 0.3 | G62: 1.8 | I62: 0.375 | K62: =(Profiles!$B$3*(Profiles!$B$9*F62+Profiles!$B$8*IF(H62="",F62,H62)+Profiles!$B$10*IF(I62="",F62,I62))+Profiles!$C$3*G62)/1000000+Profiles!$D$3*IF(J62="",0,J62) | L62: =(Profiles!$B$4*(Profiles!$B$9*F62+Profiles!$B$8*IF(H62="",F62,H62)+Profiles!$B$10*IF(I62="",F62,I62))+Profiles!$C$4*G62)/1000000+Profiles!$D$4*IF(J62="",0,J62) | M62: =(Profiles!$B$5*(Profiles!$B$9*F62+Profiles!$B$8*IF(H62="",F62,H62)+Profiles!$B$10*IF(I62="",F62,I62))+Profiles!$C$5*G62)/1000000+Profiles!$D$5*IF(J62="",0,J62) | N62: =K62+L62+M62 | O62: =3*N62
A63: 62 | B63: qwen/qwen3.6-flash | C63: 2026-04-27 | F63: 0.1875 | G63: 1.125 | I63: 0.234375 | K63: =(Profiles!$B$3*(Profiles!$B$9*F63+Profiles!$B$8*IF(H63="",F63,H63)+Profiles!$B$10*IF(I63="",F63,I63))+Profiles!$C$3*G63)/1000000+Profiles!$D$3*IF(J63="",0,J63) | L63: =(Profiles!$B$4*(Profiles!$B$9*F63+Profiles!$B$8*IF(H63="",F63,H63)+Profiles!$B$10*IF(I63="",F63,I63))+Profiles!$C$4*G63)/1000000+Profiles!$D$4*IF(J63="",0,J63) | M63: =(Profiles!$B$5*(Profiles!$B$9*F63+Profiles!$B$8*IF(H63="",F63,H63)+Profiles!$B$10*IF(I63="",F63,I63))+Profiles!$C$5*G63)/1000000+Profiles!$D$5*IF(J63="",0,J63) | N63: =K63+L63+M63 | O63: =3*N63
A64: 63 | B64: qwen/qwen3.6-35b-a3b | C64: 2026-04-27 | F64: 0.15 | G64: 1 | H64: 0.05 | K64: =(Profiles!$B$3*(Profiles!$B$9*F64+Profiles!$B$8*IF(H64="",F64,H64)+Profiles!$B$10*IF(I64="",F64,I64))+Profiles!$C$3*G64)/1000000+Profiles!$D$3*IF(J64="",0,J64) | L64: =(Profiles!$B$4*(Profiles!$B$9*F64+Profiles!$B$8*IF(H64="",F64,H64)+Profiles!$B$10*IF(I64="",F64,I64))+Profiles!$C$4*G64)/1000000+Profiles!$D$4*IF(J64="",0,J64) | M64: =(Profiles!$B$5*(Profiles!$B$9*F64+Profiles!$B$8*IF(H64="",F64,H64)+Profiles!$B$10*IF(I64="",F64,I64))+Profiles!$C$5*G64)/1000000+Profiles!$D$5*IF(J64="",0,J64) | N64: =K64+L64+M64 | O64: =3*N64
A65: 64 | B65: qwen/qwen3.6-27b | C65: 2026-04-27 | F65: 0.32 | G65: 3.2 | K65: =(Profiles!$B$3*(Profiles!$B$9*F65+Profiles!$B$8*IF(H65="",F65,H65)+Profiles!$B$10*IF(I65="",F65,I65))+Profiles!$C$3*G65)/1000000+Profiles!$D$3*IF(J65="",0,J65) | L65: =(Profiles!$B$4*(Profiles!$B$9*F65+Profiles!$B$8*IF(H65="",F65,H65)+Profiles!$B$10*IF(I65="",F65,I65))+Profiles!$C$4*G65)/1000000+Profiles!$D$4*IF(J65="",0,J65) | M65: =(Profiles!$B$5*(Profiles!$B$9*F65+Profiles!$B$8*IF(H65="",F65,H65)+Profiles!$B$10*IF(I65="",F65,I65))+Profiles!$C$5*G65)/1000000+Profiles!$D$5*IF(J65="",0,J65) | N65: =K65+L65+M65 | O65: =3*N65
A66: 65 | B66: openai/gpt-5.5 | C66: 2026-04-24 | F66: 5 | G66: 30 | H66: 0.5 | K66: =(Profiles!$B$3*(Profiles!$B$9*F66+Profiles!$B$8*IF(H66="",F66,H66)+Profiles!$B$10*IF(I66="",F66,I66))+Profiles!$C$3*G66)/1000000+Profiles!$D$3*IF(J66="",0,J66) | L66: =(Profiles!$B$4*(Profiles!$B$9*F66+Profiles!$B$8*IF(H66="",F66,H66)+Profiles!$B$10*IF(I66="",F66,I66))+Profiles!$C$4*G66)/1000000+Profiles!$D$4*IF(J66="",0,J66) | M66: =(Profiles!$B$5*(Profiles!$B$9*F66+Profiles!$B$8*IF(H66="",F66,H66)+Profiles!$B$10*IF(I66="",F66,I66))+Profiles!$C$5*G66)/1000000+Profiles!$D$5*IF(J66="",0,J66) | N66: =K66+L66+M66 | O66: =3*N66
A67: 66 | B67: xiaomi/mimo-v2.5 | C67: 2026-04-22 | F67: 0.14 | G67: 0.28 | H67: 0.0028 | K67: =(Profiles!$B$3*(Profiles!$B$9*F67+Profiles!$B$8*IF(H67="",F67,H67)+Profiles!$B$10*IF(I67="",F67,I67))+Profiles!$C$3*G67)/1000000+Profiles!$D$3*IF(J67="",0,J67) | L67: =(Profiles!$B$4*(Profiles!$B$9*F67+Profiles!$B$8*IF(H67="",F67,H67)+Profiles!$B$10*IF(I67="",F67,I67))+Profiles!$C$4*G67)/1000000+Profiles!$D$4*IF(J67="",0,J67) | M67: =(Profiles!$B$5*(Profiles!$B$9*F67+Profiles!$B$8*IF(H67="",F67,H67)+Profiles!$B$10*IF(I67="",F67,I67))+Profiles!$C$5*G67)/1000000+Profiles!$D$5*IF(J67="",0,J67) | N67: =K67+L67+M67 | O67: =3*N67
A68: 67 | B68: moonshotai/kimi-k2.6 | C68: 2026-04-20 | F68: 0.65 | G68: 3.41 | H68: 0.15 | K68: =(Profiles!$B$3*(Profiles!$B$9*F68+Profiles!$B$8*IF(H68="",F68,H68)+Profiles!$B$10*IF(I68="",F68,I68))+Profiles!$C$3*G68)/1000000+Profiles!$D$3*IF(J68="",0,J68) | L68: =(Profiles!$B$4*(Profiles!$B$9*F68+Profiles!$B$8*IF(H68="",F68,H68)+Profiles!$B$10*IF(I68="",F68,I68))+Profiles!$C$4*G68)/1000000+Profiles!$D$4*IF(J68="",0,J68) | M68: =(Profiles!$B$5*(Profiles!$B$9*F68+Profiles!$B$8*IF(H68="",F68,H68)+Profiles!$B$10*IF(I68="",F68,I68))+Profiles!$C$5*G68)/1000000+Profiles!$D$5*IF(J68="",0,J68) | N68: =K68+L68+M68 | O68: =3*N68
A69: 68 | B69: anthropic/claude-opus-4.7 | C69: 2026-04-16 | F69: 5 | G69: 25 | H69: 0.5 | I69: 6.25 | K69: =(Profiles!$B$3*(Profiles!$B$9*F69+Profiles!$B$8*IF(H69="",F69,H69)+Profiles!$B$10*IF(I69="",F69,I69))+Profiles!$C$3*G69)/1000000+Profiles!$D$3*IF(J69="",0,J69) | L69: =(Profiles!$B$4*(Profiles!$B$9*F69+Profiles!$B$8*IF(H69="",F69,H69)+Profiles!$B$10*IF(I69="",F69,I69))+Profiles!$C$4*G69)/1000000+Profiles!$D$4*IF(J69="",0,J69) | M69: =(Profiles!$B$5*(Profiles!$B$9*F69+Profiles!$B$8*IF(H69="",F69,H69)+Profiles!$B$10*IF(I69="",F69,I69))+Profiles!$C$5*G69)/1000000+Profiles!$D$5*IF(J69="",0,J69) | N69: =K69+L69+M69 | O69: =3*N69
A70: 69 | B70: google/gemma-4-26b-a4b-it | C70: 2026-04-03 | F70: 0.09 | G70: 0.3 | H70: 0.05 | K70: =(Profiles!$B$3*(Profiles!$B$9*F70+Profiles!$B$8*IF(H70="",F70,H70)+Profiles!$B$10*IF(I70="",F70,I70))+Profiles!$C$3*G70)/1000000+Profiles!$D$3*IF(J70="",0,J70) | L70: =(Profiles!$B$4*(Profiles!$B$9*F70+Profiles!$B$8*IF(H70="",F70,H70)+Profiles!$B$10*IF(I70="",F70,I70))+Profiles!$C$4*G70)/1000000+Profiles!$D$4*IF(J70="",0,J70) | M70: =(Profiles!$B$5*(Profiles!$B$9*F70+Profiles!$B$8*IF(H70="",F70,H70)+Profiles!$B$10*IF(I70="",F70,I70))+Profiles!$C$5*G70)/1000000+Profiles!$D$5*IF(J70="",0,J70) | N70: =K70+L70+M70 | O70: =3*N70
A71: 70 | B71: google/gemma-4-31b-it | C71: 2026-04-02 | F71: 0.09 | G71: 0.34 | H71: 0.05 | K71: =(Profiles!$B$3*(Profiles!$B$9*F71+Profiles!$B$8*IF(H71="",F71,H71)+Profiles!$B$10*IF(I71="",F71,I71))+Profiles!$C$3*G71)/1000000+Profiles!$D$3*IF(J71="",0,J71) | L71: =(Profiles!$B$4*(Profiles!$B$9*F71+Profiles!$B$8*IF(H71="",F71,H71)+Profiles!$B$10*IF(I71="",F71,I71))+Profiles!$C$4*G71)/1000000+Profiles!$D$4*IF(J71="",0,J71) | M71: =(Profiles!$B$5*(Profiles!$B$9*F71+Profiles!$B$8*IF(H71="",F71,H71)+Profiles!$B$10*IF(I71="",F71,I71))+Profiles!$C$5*G71)/1000000+Profiles!$D$5*IF(J71="",0,J71) | N71: =K71+L71+M71 | O71: =3*N71
A72: 71 | B72: qwen/qwen3.6-plus | C72: 2026-04-02 | F72: 0.325 | G72: 1.95 | I72: 0.40625 | K72: =(Profiles!$B$3*(Profiles!$B$9*F72+Profiles!$B$8*IF(H72="",F72,H72)+Profiles!$B$10*IF(I72="",F72,I72))+Profiles!$C$3*G72)/1000000+Profiles!$D$3*IF(J72="",0,J72) | L72: =(Profiles!$B$4*(Profiles!$B$9*F72+Profiles!$B$8*IF(H72="",F72,H72)+Profiles!$B$10*IF(I72="",F72,I72))+Profiles!$C$4*G72)/1000000+Profiles!$D$4*IF(J72="",0,J72) | M72: =(Profiles!$B$5*(Profiles!$B$9*F72+Profiles!$B$8*IF(H72="",F72,H72)+Profiles!$B$10*IF(I72="",F72,I72))+Profiles!$C$5*G72)/1000000+Profiles!$D$5*IF(J72="",0,J72) | N72: =K72+L72+M72 | O72: =3*N72
A73: 72 | B73: z-ai/glm-5v-turbo | C73: 2026-04-01 | F73: 1.2 | G73: 4 | H73: 0.24 | K73: =(Profiles!$B$3*(Profiles!$B$9*F73+Profiles!$B$8*IF(H73="",F73,H73)+Profiles!$B$10*IF(I73="",F73,I73))+Profiles!$C$3*G73)/1000000+Profiles!$D$3*IF(J73="",0,J73) | L73: =(Profiles!$B$4*(Profiles!$B$9*F73+Profiles!$B$8*IF(H73="",F73,H73)+Profiles!$B$10*IF(I73="",F73,I73))+Profiles!$C$4*G73)/1000000+Profiles!$D$4*IF(J73="",0,J73) | M73: =(Profiles!$B$5*(Profiles!$B$9*F73+Profiles!$B$8*IF(H73="",F73,H73)+Profiles!$B$10*IF(I73="",F73,I73))+Profiles!$C$5*G73)/1000000+Profiles!$D$5*IF(J73="",0,J73) | N73: =K73+L73+M73 | O73: =3*N73
A74: 73 | B74: x-ai/grok-4.20 | C74: 2026-03-31 | F74: 1.25 | G74: 2.5 | H74: 0.2 | K74: =(Profiles!$B$3*(Profiles!$B$9*F74+Profiles!$B$8*IF(H74="",F74,H74)+Profiles!$B$10*IF(I74="",F74,I74))+Profiles!$C$3*G74)/1000000+Profiles!$D$3*IF(J74="",0,J74) | L74: =(Profiles!$B$4*(Profiles!$B$9*F74+Profiles!$B$8*IF(H74="",F74,H74)+Profiles!$B$10*IF(I74="",F74,I74))+Profiles!$C$4*G74)/1000000+Profiles!$D$4*IF(J74="",0,J74) | M74: =(Profiles!$B$5*(Profiles!$B$9*F74+Profiles!$B$8*IF(H74="",F74,H74)+Profiles!$B$10*IF(I74="",F74,I74))+Profiles!$C$5*G74)/1000000+Profiles!$D$5*IF(J74="",0,J74) | N74: =K74+L74+M74 | O74: =3*N74
A75: 74 | B75: rekaai/reka-edge | C75: 2026-03-20 | F75: 0.1 | G75: 0.1 | K75: =(Profiles!$B$3*(Profiles!$B$9*F75+Profiles!$B$8*IF(H75="",F75,H75)+Profiles!$B$10*IF(I75="",F75,I75))+Profiles!$C$3*G75)/1000000+Profiles!$D$3*IF(J75="",0,J75) | L75: =(Profiles!$B$4*(Profiles!$B$9*F75+Profiles!$B$8*IF(H75="",F75,H75)+Profiles!$B$10*IF(I75="",F75,I75))+Profiles!$C$4*G75)/1000000+Profiles!$D$4*IF(J75="",0,J75) | M75: =(Profiles!$B$5*(Profiles!$B$9*F75+Profiles!$B$8*IF(H75="",F75,H75)+Profiles!$B$10*IF(I75="",F75,I75))+Profiles!$C$5*G75)/1000000+Profiles!$D$5*IF(J75="",0,J75) | N75: =K75+L75+M75 | O75: =3*N75
A76: 75 | B76: openai/gpt-5.4-nano | C76: 2026-03-17 | F76: 0.2 | G76: 1.25 | H76: 0.02 | K76: =(Profiles!$B$3*(Profiles!$B$9*F76+Profiles!$B$8*IF(H76="",F76,H76)+Profiles!$B$10*IF(I76="",F76,I76))+Profiles!$C$3*G76)/1000000+Profiles!$D$3*IF(J76="",0,J76) | L76: =(Profiles!$B$4*(Profiles!$B$9*F76+Profiles!$B$8*IF(H76="",F76,H76)+Profiles!$B$10*IF(I76="",F76,I76))+Profiles!$C$4*G76)/1000000+Profiles!$D$4*IF(J76="",0,J76) | M76: =(Profiles!$B$5*(Profiles!$B$9*F76+Profiles!$B$8*IF(H76="",F76,H76)+Profiles!$B$10*IF(I76="",F76,I76))+Profiles!$C$5*G76)/1000000+Profiles!$D$5*IF(J76="",0,J76) | N76: =K76+L76+M76 | O76: =3*N76
A77: 76 | B77: openai/gpt-5.4-mini | C77: 2026-03-17 | F77: 0.75 | G77: 4.5 | H77: 0.075 | K77: =(Profiles!$B$3*(Profiles!$B$9*F77+Profiles!$B$8*IF(H77="",F77,H77)+Profiles!$B$10*IF(I77="",F77,I77))+Profiles!$C$3*G77)/1000000+Profiles!$D$3*IF(J77="",0,J77) | L77: =(Profiles!$B$4*(Profiles!$B$9*F77+Profiles!$B$8*IF(H77="",F77,H77)+Profiles!$B$10*IF(I77="",F77,I77))+Profiles!$C$4*G77)/1000000+Profiles!$D$4*IF(J77="",0,J77) | M77: =(Profiles!$B$5*(Profiles!$B$9*F77+Profiles!$B$8*IF(H77="",F77,H77)+Profiles!$B$10*IF(I77="",F77,I77))+Profiles!$C$5*G77)/1000000+Profiles!$D$5*IF(J77="",0,J77) | N77: =K77+L77+M77 | O77: =3*N77
A78: 77 | B78: mistralai/mistral-small-2603 | C78: 2026-03-16 | F78: 0.15 | G78: 0.6 | H78: 0.015 | K78: =(Profiles!$B$3*(Profiles!$B$9*F78+Profiles!$B$8*IF(H78="",F78,H78)+Profiles!$B$10*IF(I78="",F78,I78))+Profiles!$C$3*G78)/1000000+Profiles!$D$3*IF(J78="",0,J78) | L78: =(Profiles!$B$4*(Profiles!$B$9*F78+Profiles!$B$8*IF(H78="",F78,H78)+Profiles!$B$10*IF(I78="",F78,I78))+Profiles!$C$4*G78)/1000000+Profiles!$D$4*IF(J78="",0,J78) | M78: =(Profiles!$B$5*(Profiles!$B$9*F78+Profiles!$B$8*IF(H78="",F78,H78)+Profiles!$B$10*IF(I78="",F78,I78))+Profiles!$C$5*G78)/1000000+Profiles!$D$5*IF(J78="",0,J78) | N78: =K78+L78+M78 | O78: =3*N78
A79: 78 | B79: bytedance-seed/seed-2.0-lite | C79: 2026-03-10 | F79: 0.25 | G79: 2 | K79: =(Profiles!$B$3*(Profiles!$B$9*F79+Profiles!$B$8*IF(H79="",F79,H79)+Profiles!$B$10*IF(I79="",F79,I79))+Profiles!$C$3*G79)/1000000+Profiles!$D$3*IF(J79="",0,J79) | L79: =(Profiles!$B$4*(Profiles!$B$9*F79+Profiles!$B$8*IF(H79="",F79,H79)+Profiles!$B$10*IF(I79="",F79,I79))+Profiles!$C$4*G79)/1000000+Profiles!$D$4*IF(J79="",0,J79) | M79: =(Profiles!$B$5*(Profiles!$B$9*F79+Profiles!$B$8*IF(H79="",F79,H79)+Profiles!$B$10*IF(I79="",F79,I79))+Profiles!$C$5*G79)/1000000+Profiles!$D$5*IF(J79="",0,J79) | N79: =K79+L79+M79 | O79: =3*N79
A80: 79 | B80: qwen/qwen3.5-9b | C80: 2026-03-10 | F80: 0.1 | G80: 0.15 | K80: =(Profiles!$B$3*(Profiles!$B$9*F80+Profiles!$B$8*IF(H80="",F80,H80)+Profiles!$B$10*IF(I80="",F80,I80))+Profiles!$C$3*G80)/1000000+Profiles!$D$3*IF(J80="",0,J80) | L80: =(Profiles!$B$4*(Profiles!$B$9*F80+Profiles!$B$8*IF(H80="",F80,H80)+Profiles!$B$10*IF(I80="",F80,I80))+Profiles!$C$4*G80)/1000000+Profiles!$D$4*IF(J80="",0,J80) | M80: =(Profiles!$B$5*(Profiles!$B$9*F80+Profiles!$B$8*IF(H80="",F80,H80)+Profiles!$B$10*IF(I80="",F80,I80))+Profiles!$C$5*G80)/1000000+Profiles!$D$5*IF(J80="",0,J80) | N80: =K80+L80+M80 | O80: =3*N80
A81: 80 | B81: openai/gpt-5.4 | C81: 2026-03-05 | F81: 2.5 | G81: 15 | H81: 0.25 | K81: =(Profiles!$B$3*(Profiles!$B$9*F81+Profiles!$B$8*IF(H81="",F81,H81)+Profiles!$B$10*IF(I81="",F81,I81))+Profiles!$C$3*G81)/1000000+Profiles!$D$3*IF(J81="",0,J81) | L81: =(Profiles!$B$4*(Profiles!$B$9*F81+Profiles!$B$8*IF(H81="",F81,H81)+Profiles!$B$10*IF(I81="",F81,I81))+Profiles!$C$4*G81)/1000000+Profiles!$D$4*IF(J81="",0,J81) | M81: =(Profiles!$B$5*(Profiles!$B$9*F81+Profiles!$B$8*IF(H81="",F81,H81)+Profiles!$B$10*IF(I81="",F81,I81))+Profiles!$C$5*G81)/1000000+Profiles!$D$5*IF(J81="",0,J81) | N81: =K81+L81+M81 | O81: =3*N81
A82: 81 | B82: google/gemini-3.1-flash-lite-preview | C82: 2026-03-03 | F82: 0.25 | G82: 1.5 | H82: 0.025 | I82: 0.083333333 | J82: 2.5e-07 | K82: =(Profiles!$B$3*(Profiles!$B$9*F82+Profiles!$B$8*IF(H82="",F82,H82)+Profiles!$B$10*IF(I82="",F82,I82))+Profiles!$C$3*G82)/1000000+Profiles!$D$3*IF(J82="",0,J82) | L82: =(Profiles!$B$4*(Profiles!$B$9*F82+Profiles!$B$8*IF(H82="",F82,H82)+Profiles!$B$10*IF(I82="",F82,I82))+Profiles!$C$4*G82)/1000000+Profiles!$D$4*IF(J82="",0,J82) | M82: =(Profiles!$B$5*(Profiles!$B$9*F82+Profiles!$B$8*IF(H82="",F82,H82)+Profiles!$B$10*IF(I82="",F82,I82))+Profiles!$C$5*G82)/1000000+Profiles!$D$5*IF(J82="",0,J82) | N82: =K82+L82+M82 | O82: =3*N82
A83: 82 | B83: bytedance-seed/seed-2.0-mini | C83: 2026-02-26 | F83: 0.1 | G83: 0.4 | K83: =(Profiles!$B$3*(Profiles!$B$9*F83+Profiles!$B$8*IF(H83="",F83,H83)+Profiles!$B$10*IF(I83="",F83,I83))+Profiles!$C$3*G83)/1000000+Profiles!$D$3*IF(J83="",0,J83) | L83: =(Profiles!$B$4*(Profiles!$B$9*F83+Profiles!$B$8*IF(H83="",F83,H83)+Profiles!$B$10*IF(I83="",F83,I83))+Profiles!$C$4*G83)/1000000+Profiles!$D$4*IF(J83="",0,J83) | M83: =(Profiles!$B$5*(Profiles!$B$9*F83+Profiles!$B$8*IF(H83="",F83,H83)+Profiles!$B$10*IF(I83="",F83,I83))+Profiles!$C$5*G83)/1000000+Profiles!$D$5*IF(J83="",0,J83) | N83: =K83+L83+M83 | O83: =3*N83
A84: 83 | B84: qwen/qwen3.5-35b-a3b | C84: 2026-02-25 | F84: 0.1625 | G84: 1.3 | K84: =(Profiles!$B$3*(Profiles!$B$9*F84+Profiles!$B$8*IF(H84="",F84,H84)+Profiles!$B$10*IF(I84="",F84,I84))+Profiles!$C$3*G84)/1000000+Profiles!$D$3*IF(J84="",0,J84) | L84: =(Profiles!$B$4*(Profiles!$B$9*F84+Profiles!$B$8*IF(H84="",F84,H84)+Profiles!$B$10*IF(I84="",F84,I84))+Profiles!$C$4*G84)/1000000+Profiles!$D$4*IF(J84="",0,J84) | M84: =(Profiles!$B$5*(Profiles!$B$9*F84+Profiles!$B$8*IF(H84="",F84,H84)+Profiles!$B$10*IF(I84="",F84,I84))+Profiles!$C$5*G84)/1000000+Profiles!$D$5*IF(J84="",0,J84) | N84: =K84+L84+M84 | O84: =3*N84
A85: 84 | B85: qwen/qwen3.5-27b | C85: 2026-02-25 | F85: 0.195 | G85: 1.56 | K85: =(Profiles!$B$3*(Profiles!$B$9*F85+Profiles!$B$8*IF(H85="",F85,H85)+Profiles!$B$10*IF(I85="",F85,I85))+Profiles!$C$3*G85)/1000000+Profiles!$D$3*IF(J85="",0,J85) | L85: =(Profiles!$B$4*(Profiles!$B$9*F85+Profiles!$B$8*IF(H85="",F85,H85)+Profiles!$B$10*IF(I85="",F85,I85))+Profiles!$C$4*G85)/1000000+Profiles!$D$4*IF(J85="",0,J85) | M85: =(Profiles!$B$5*(Profiles!$B$9*F85+Profiles!$B$8*IF(H85="",F85,H85)+Profiles!$B$10*IF(I85="",F85,I85))+Profiles!$C$5*G85)/1000000+Profiles!$D$5*IF(J85="",0,J85) | N85: =K85+L85+M85 | O85: =3*N85
A86: 85 | B86: qwen/qwen3.5-122b-a10b | C86: 2026-02-25 | F86: 0.26 | G86: 2.08 | K86: =(Profiles!$B$3*(Profiles!$B$9*F86+Profiles!$B$8*IF(H86="",F86,H86)+Profiles!$B$10*IF(I86="",F86,I86))+Profiles!$C$3*G86)/1000000+Profiles!$D$3*IF(J86="",0,J86) | L86: =(Profiles!$B$4*(Profiles!$B$9*F86+Profiles!$B$8*IF(H86="",F86,H86)+Profiles!$B$10*IF(I86="",F86,I86))+Profiles!$C$4*G86)/1000000+Profiles!$D$4*IF(J86="",0,J86) | M86: =(Profiles!$B$5*(Profiles!$B$9*F86+Profiles!$B$8*IF(H86="",F86,H86)+Profiles!$B$10*IF(I86="",F86,I86))+Profiles!$C$5*G86)/1000000+Profiles!$D$5*IF(J86="",0,J86) | N86: =K86+L86+M86 | O86: =3*N86
A87: 86 | B87: qwen/qwen3.5-flash-02-23 | C87: 2026-02-25 | F87: 0.065 | G87: 0.26 | K87: =(Profiles!$B$3*(Profiles!$B$9*F87+Profiles!$B$8*IF(H87="",F87,H87)+Profiles!$B$10*IF(I87="",F87,I87))+Profiles!$C$3*G87)/1000000+Profiles!$D$3*IF(J87="",0,J87) | L87: =(Profiles!$B$4*(Profiles!$B$9*F87+Profiles!$B$8*IF(H87="",F87,H87)+Profiles!$B$10*IF(I87="",F87,I87))+Profiles!$C$4*G87)/1000000+Profiles!$D$4*IF(J87="",0,J87) | M87: =(Profiles!$B$5*(Profiles!$B$9*F87+Profiles!$B$8*IF(H87="",F87,H87)+Profiles!$B$10*IF(I87="",F87,I87))+Profiles!$C$5*G87)/1000000+Profiles!$D$5*IF(J87="",0,J87) | N87: =K87+L87+M87 | O87: =3*N87
A88: 87 | B88: google/gemini-3.1-pro-preview-customtools | C88: 2026-02-25 | F88: 2 | G88: 12 | H88: 0.2 | I88: 0.375 | J88: 2e-06 | K88: =(Profiles!$B$3*(Profiles!$B$9*F88+Profiles!$B$8*IF(H88="",F88,H88)+Profiles!$B$10*IF(I88="",F88,I88))+Profiles!$C$3*G88)/1000000+Profiles!$D$3*IF(J88="",0,J88) | L88: =(Profiles!$B$4*(Profiles!$B$9*F88+Profiles!$B$8*IF(H88="",F88,H88)+Profiles!$B$10*IF(I88="",F88,I88))+Profiles!$C$4*G88)/1000000+Profiles!$D$4*IF(J88="",0,J88) | M88: =(Profiles!$B$5*(Profiles!$B$9*F88+Profiles!$B$8*IF(H88="",F88,H88)+Profiles!$B$10*IF(I88="",F88,I88))+Profiles!$C$5*G88)/1000000+Profiles!$D$5*IF(J88="",0,J88) | N88: =K88+L88+M88 | O88: =3*N88
A89: 88 | B89: openai/gpt-5.3-codex | C89: 2026-02-24 | F89: 1.75 | G89: 14 | H89: 0.175 | K89: =(Profiles!$B$3*(Profiles!$B$9*F89+Profiles!$B$8*IF(H89="",F89,H89)+Profiles!$B$10*IF(I89="",F89,I89))+Profiles!$C$3*G89)/1000000+Profiles!$D$3*IF(J89="",0,J89) | L89: =(Profiles!$B$4*(Profiles!$B$9*F89+Profiles!$B$8*IF(H89="",F89,H89)+Profiles!$B$10*IF(I89="",F89,I89))+Profiles!$C$4*G89)/1000000+Profiles!$D$4*IF(J89="",0,J89) | M89: =(Profiles!$B$5*(Profiles!$B$9*F89+Profiles!$B$8*IF(H89="",F89,H89)+Profiles!$B$10*IF(I89="",F89,I89))+Profiles!$C$5*G89)/1000000+Profiles!$D$5*IF(J89="",0,J89) | N89: =K89+L89+M89 | O89: =3*N89
A90: 89 | B90: google/gemini-3.1-pro-preview | C90: 2026-02-19 | F90: 2 | G90: 12 | H90: 0.2 | I90: 0.375 | J90: 2e-06 | K90: =(Profiles!$B$3*(Profiles!$B$9*F90+Profiles!$B$8*IF(H90="",F90,H90)+Profiles!$B$10*IF(I90="",F90,I90))+Profiles!$C$3*G90)/1000000+Profiles!$D$3*IF(J90="",0,J90) | L90: =(Profiles!$B$4*(Profiles!$B$9*F90+Profiles!$B$8*IF(H90="",F90,H90)+Profiles!$B$10*IF(I90="",F90,I90))+Profiles!$C$4*G90)/1000000+Profiles!$D$4*IF(J90="",0,J90) | M90: =(Profiles!$B$5*(Profiles!$B$9*F90+Profiles!$B$8*IF(H90="",F90,H90)+Profiles!$B$10*IF(I90="",F90,I90))+Profiles!$C$5*G90)/1000000+Profiles!$D$5*IF(J90="",0,J90) | N90: =K90+L90+M90 | O90: =3*N90
A91: 90 | B91: anthropic/claude-sonnet-4.6 | C91: 2026-02-17 | F91: 3 | G91: 15 | H91: 0.3 | I91: 3.75 | K91: =(Profiles!$B$3*(Profiles!$B$9*F91+Profiles!$B$8*IF(H91="",F91,H91)+Profiles!$B$10*IF(I91="",F91,I91))+Profiles!$C$3*G91)/1000000+Profiles!$D$3*IF(J91="",0,J91) | L91: =(Profiles!$B$4*(Profiles!$B$9*F91+Profiles!$B$8*IF(H91="",F91,H91)+Profiles!$B$10*IF(I91="",F91,I91))+Profiles!$C$4*G91)/1000000+Profiles!$D$4*IF(J91="",0,J91) | M91: =(Profiles!$B$5*(Profiles!$B$9*F91+Profiles!$B$8*IF(H91="",F91,H91)+Profiles!$B$10*IF(I91="",F91,I91))+Profiles!$C$5*G91)/1000000+Profiles!$D$5*IF(J91="",0,J91) | N91: =K91+L91+M91 | O91: =3*N91
A92: 91 | B92: qwen/qwen3.5-plus-02-15 | C92: 2026-02-16 | F92: 0.26 | G92: 1.56 | K92: =(Profiles!$B$3*(Profiles!$B$9*F92+Profiles!$B$8*IF(H92="",F92,H92)+Profiles!$B$10*IF(I92="",F92,I92))+Profiles!$C$3*G92)/1000000+Profiles!$D$3*IF(J92="",0,J92) | L92: =(Profiles!$B$4*(Profiles!$B$9*F92+Profiles!$B$8*IF(H92="",F92,H92)+Profiles!$B$10*IF(I92="",F92,I92))+Profiles!$C$4*G92)/1000000+Profiles!$D$4*IF(J92="",0,J92) | M92: =(Profiles!$B$5*(Profiles!$B$9*F92+Profiles!$B$8*IF(H92="",F92,H92)+Profiles!$B$10*IF(I92="",F92,I92))+Profiles!$C$5*G92)/1000000+Profiles!$D$5*IF(J92="",0,J92) | N92: =K92+L92+M92 | O92: =3*N92
A93: 92 | B93: qwen/qwen3.5-397b-a17b | C93: 2026-02-16 | F93: 0.55 | G93: 3.5 | H93: 0.225 | K93: =(Profiles!$B$3*(Profiles!$B$9*F93+Profiles!$B$8*IF(H93="",F93,H93)+Profiles!$B$10*IF(I93="",F93,I93))+Profiles!$C$3*G93)/1000000+Profiles!$D$3*IF(J93="",0,J93) | L93: =(Profiles!$B$4*(Profiles!$B$9*F93+Profiles!$B$8*IF(H93="",F93,H93)+Profiles!$B$10*IF(I93="",F93,I93))+Profiles!$C$4*G93)/1000000+Profiles!$D$4*IF(J93="",0,J93) | M93: =(Profiles!$B$5*(Profiles!$B$9*F93+Profiles!$B$8*IF(H93="",F93,H93)+Profiles!$B$10*IF(I93="",F93,I93))+Profiles!$C$5*G93)/1000000+Profiles!$D$5*IF(J93="",0,J93) | N93: =K93+L93+M93 | O93: =3*N93
A94: 93 | B94: anthropic/claude-opus-4.6 | C94: 2026-02-04 | F94: 5 | G94: 25 | H94: 0.5 | I94: 6.25 | K94: =(Profiles!$B$3*(Profiles!$B$9*F94+Profiles!$B$8*IF(H94="",F94,H94)+Profiles!$B$10*IF(I94="",F94,I94))+Profiles!$C$3*G94)/1000000+Profiles!$D$3*IF(J94="",0,J94) | L94: =(Profiles!$B$4*(Profiles!$B$9*F94+Profiles!$B$8*IF(H94="",F94,H94)+Profiles!$B$10*IF(I94="",F94,I94))+Profiles!$C$4*G94)/1000000+Profiles!$D$4*IF(J94="",0,J94) | M94: =(Profiles!$B$5*(Profiles!$B$9*F94+Profiles!$B$8*IF(H94="",F94,H94)+Profiles!$B$10*IF(I94="",F94,I94))+Profiles!$C$5*G94)/1000000+Profiles!$D$5*IF(J94="",0,J94) | N94: =K94+L94+M94 | O94: =3*N94
A95: 94 | B95: openrouter/free | C95: 2026-02-01 | F95: 0 | G95: 0 | K95: =(Profiles!$B$3*(Profiles!$B$9*F95+Profiles!$B$8*IF(H95="",F95,H95)+Profiles!$B$10*IF(I95="",F95,I95))+Profiles!$C$3*G95)/1000000+Profiles!$D$3*IF(J95="",0,J95) | L95: =(Profiles!$B$4*(Profiles!$B$9*F95+Profiles!$B$8*IF(H95="",F95,H95)+Profiles!$B$10*IF(I95="",F95,I95))+Profiles!$C$4*G95)/1000000+Profiles!$D$4*IF(J95="",0,J95) | M95: =(Profiles!$B$5*(Profiles!$B$9*F95+Profiles!$B$8*IF(H95="",F95,H95)+Profiles!$B$10*IF(I95="",F95,I95))+Profiles!$C$5*G95)/1000000+Profiles!$D$5*IF(J95="",0,J95) | N95: =K95+L95+M95 | O95: =3*N95
A96: 95 | B96: moonshotai/kimi-k2.5 | C96: 2026-01-27 | F96: 0.45 | G96: 2.25 | H96: 0.07 | K96: =(Profiles!$B$3*(Profiles!$B$9*F96+Profiles!$B$8*IF(H96="",F96,H96)+Profiles!$B$10*IF(I96="",F96,I96))+Profiles!$C$3*G96)/1000000+Profiles!$D$3*IF(J96="",0,J96) | L96: =(Profiles!$B$4*(Profiles!$B$9*F96+Profiles!$B$8*IF(H96="",F96,H96)+Profiles!$B$10*IF(I96="",F96,I96))+Profiles!$C$4*G96)/1000000+Profiles!$D$4*IF(J96="",0,J96) | M96: =(Profiles!$B$5*(Profiles!$B$9*F96+Profiles!$B$8*IF(H96="",F96,H96)+Profiles!$B$10*IF(I96="",F96,I96))+Profiles!$C$5*G96)/1000000+Profiles!$D$5*IF(J96="",0,J96) | N96: =K96+L96+M96 | O96: =3*N96
A97: 96 | B97: openai/gpt-5.2-codex | C97: 2026-01-14 | F97: 1.75 | G97: 14 | H97: 0.175 | K97: =(Profiles!$B$3*(Profiles!$B$9*F97+Profiles!$B$8*IF(H97="",F97,H97)+Profiles!$B$10*IF(I97="",F97,I97))+Profiles!$C$3*G97)/1000000+Profiles!$D$3*IF(J97="",0,J97) | L97: =(Profiles!$B$4*(Profiles!$B$9*F97+Profiles!$B$8*IF(H97="",F97,H97)+Profiles!$B$10*IF(I97="",F97,I97))+Profiles!$C$4*G97)/1000000+Profiles!$D$4*IF(J97="",0,J97) | M97: =(Profiles!$B$5*(Profiles!$B$9*F97+Profiles!$B$8*IF(H97="",F97,H97)+Profiles!$B$10*IF(I97="",F97,I97))+Profiles!$C$5*G97)/1000000+Profiles!$D$5*IF(J97="",0,J97) | N97: =K97+L97+M97 | O97: =3*N97
A98: 97 | B98: bytedance-seed/seed-1.6-flash | C98: 2025-12-23 | F98: 0.075 | G98: 0.3 | K98: =(Profiles!$B$3*(Profiles!$B$9*F98+Profiles!$B$8*IF(H98="",F98,H98)+Profiles!$B$10*IF(I98="",F98,I98))+Profiles!$C$3*G98)/1000000+Profiles!$D$3*IF(J98="",0,J98) | L98: =(Profiles!$B$4*(Profiles!$B$9*F98+Profiles!$B$8*IF(H98="",F98,H98)+Profiles!$B$10*IF(I98="",F98,I98))+Profiles!$C$4*G98)/1000000+Profiles!$D$4*IF(J98="",0,J98) | M98: =(Profiles!$B$5*(Profiles!$B$9*F98+Profiles!$B$8*IF(H98="",F98,H98)+Profiles!$B$10*IF(I98="",F98,I98))+Profiles!$C$5*G98)/1000000+Profiles!$D$5*IF(J98="",0,J98) | N98: =K98+L98+M98 | O98: =3*N98
A99: 98 | B99: bytedance-seed/seed-1.6 | C99: 2025-12-23 | F99: 0.25 | G99: 2 | K99: =(Profiles!$B$3*(Profiles!$B$9*F99+Profiles!$B$8*IF(H99="",F99,H99)+Profiles!$B$10*IF(I99="",F99,I99))+Profiles!$C$3*G99)/1000000+Profiles!$D$3*IF(J99="",0,J99) | L99: =(Profiles!$B$4*(Profiles!$B$9*F99+Profiles!$B$8*IF(H99="",F99,H99)+Profiles!$B$10*IF(I99="",F99,I99))+Profiles!$C$4*G99)/1000000+Profiles!$D$4*IF(J99="",0,J99) | M99: =(Profiles!$B$5*(Profiles!$B$9*F99+Profiles!$B$8*IF(H99="",F99,H99)+Profiles!$B$10*IF(I99="",F99,I99))+Profiles!$C$5*G99)/1000000+Profiles!$D$5*IF(J99="",0,J99) | N99: =K99+L99+M99 | O99: =3*N99
A100: 99 | B100: google/gemini-3-flash-preview | C100: 2025-12-17 | F100: 0.5 | G100: 3 | H100: 0.05 | I100: 0.083333333 | J100: 5e-07 | K100: =(Profiles!$B$3*(Profiles!$B$9*F100+Profiles!$B$8*IF(H100="",F100,H100)+Profiles!$B$10*IF(I100="",F100,I100))+Profiles!$C$3*G100)/1000000+Profiles!$D$3*IF(J100="",0,J100) | L100: =(Profiles!$B$4*(Profiles!$B$9*F100+Profiles!$B$8*IF(H100="",F100,H100)+Profiles!$B$10*IF(I100="",F100,I100))+Profiles!$C$4*G100)/1000000+Profiles!$D$4*IF(J100="",0,J100) | M100: =(Profiles!$B$5*(Profiles!$B$9*F100+Profiles!$B$8*IF(H100="",F100,H100)+Profiles!$B$10*IF(I100="",F100,I100))+Profiles!$C$5*G100)/1000000+Profiles!$D$5*IF(J100="",0,J100) | N100: =K100+L100+M100 | O100: =3*N100
...

Sheet Excluded
A1: model | B1: why
A2: google/gemini-3-pro-image | B2: image-generation model
A3: openai/gpt-5-pro | B3: OpenAI Pro: thinks far longer, costs far more than its list price suggests
A4: openai/gpt-5.2-pro | B4: OpenAI Pro: thinks far longer, costs far more than its list price suggests
A5: openai/gpt-5.4-pro | B5: OpenAI Pro: thinks far longer, costs far more than its list price suggests
A6: openai/gpt-5.5-pro | B6: OpenAI Pro: thinks far longer, costs far more than its list price suggests
A7: openai/gpt-5.6-luna-pro | B7: OpenAI Pro: thinks far longer, costs far more than its list price suggests
A8: openai/gpt-5.6-sol-pro | B8: OpenAI Pro: thinks far longer, costs far more than its list price suggests
A9: openai/gpt-5.6-terra-pro | B9: OpenAI Pro: thinks far longer, costs far more than its list price suggests
A10: openai/gpt-6-astra-pro | B10: OpenAI Pro: thinks far longer, costs far more than its list price suggests
A11: openai/gpt-6-luna-pro | B11: OpenAI Pro: thinks far longer, costs far more than its list price suggests
A12: openai/gpt-6-sol-pro | B12: OpenAI Pro: thinks far longer, costs far more than its list price suggests
... A20: xiaomi/mimo-v2.5 | B20: older MiMo (latest list only)

Sheet Profiles
A1: Token profile of one painting in 4 sittings (edit the blue cells: every cost recalculates)
A2: profile | B2: prompt tokens | C2: output tokens | D2: images | E2: based on
A3: light | B3: 4600000 | C3: 72000 | D3: 55 | E3: r19 Luna F (stopped early, 36 chunks)
A4: typical | B4: 40000000 | C4: 220000 | D4: 200 | E4: median of our 9 full 4-sitting paintings (rounds 17-19)
A5: heavy | B5: 75000000 | C5: 600000 | D5: 300 | E5: r19 Gemini B, r18 Space Bunny
A7: prompt split | B7: share
A8: cache read | B8: 0.89
A9: uncached input | B9: 0.08
A10: cache write | B10: 0.03
