Workbook

Sheet Notes
A1: Vision models on OpenRouter and what one painting would cost there (built 2026-09-28).
A2: Source: https://openrouter.ai/api/v1/models, fetched 2026-09-28: every model whose input modalities include image (list prices, $ per million tokens).
A3: Painting cost = prompt tokens x (uncached share x input price + cache-read share x cache-read price + cache-write share x cache-write price) + output tokens x output price + images x image price.
A4: No cache-read or cache-write price listed: those tokens are charged at the input price. 'typical $ no cache' charges the whole prompt at the input price (if caching doesn't work through a provider).
A5: Output includes reasoning tokens (they're billed as output). Thinking level changes output a lot: our runs were high to max.
A6: Token counts are from our session logs (Measured paintings); other models tokenize text and images differently, so treat every cost as a ballpark, x0.5 to x2.
A7: Painters need tool calls ('tool calls' = yes) and a long context (sessions reached 330K tokens before compaction; compaction works, tested 2026-09-28).
A8: Batch rows are half price but not interactive (not usable for painting). Router rows have variable prices.
A9: Rows shaded yellow are models we have painted with; 'used by us' says where. Subscriptions (ChatGPT for Luna, OpenCode Go/Zen) were cheaper than these list prices.

Sheet Profiles
A1: Token profile of one painting in 4 sittings (edit the blue cells; every cost recalculates)
A3: profile | B3: prompt tokens (all) | C3: output tokens | D3: images | E3: based on
A4: light | B4: 4600000 | C4: 72000 | D4: 55 | E4: r19 Luna F (GPT-6 Luna, stopped early: 36 chunks)
A5: typical | B5: 40000000 | C5: 220000 | D5: 200 | E5: median of the 9 full 4-sitting paintings (rounds 17-19)
A6: heavy | B6: 75000000 | C6: 600000 | D6: 300 | E6: r19 Gemini B (57M, 654K), r18 Space Bunny (90M, 585K)
A8: prompt split | B8: share
A9: cache read | B9: 0.89
A10: uncached input | B10: 0.08
A11: cache write | B11: 0.03
A12: (measured: Opus 97% read + 3-10% writes; Gemini 92%; DeepSeek 85%; Muse 95%)

Sheet Models
A1: model id | B1: name | C1: used by us | D1: tool calls | E1: text out | F1: context | G1: kind | H1: $/M input | I1: $/M output | J1: $/M cache read | K1: $/M cache write | L1: $/image | M1: light $ | N1: typical $ | O1: heavy $ | P1: typical $ no cache | Q1: created | R1: expires
A2: stealth/space-bunny-alpha | B2: Space Bunny Alpha | C2: r18 as space-bunny-free (via Go) | D2: yes | E2: yes | F2: 1000000 | G2: free | H2: 0 | I2: 0 | M2: =IF(OR(H2="",I2=""),"",(Profiles!$B$4*(Profiles!$B$10*H2+Profiles!$B$9*IF(J2="",H2,J2)+Profiles!$B$11*IF(K2="",H2,K2))+Profiles!$C$4*I2)/1000000+Profiles!$D$4*IF(L2="",0,L2)) | N2: =IF(OR(H2="",I2=""),"",(Profiles!$B$5*(Profiles!$B$10*H2+Profiles!$B$9*IF(J2="",H2,J2)+Profiles!$B$11*IF(K2="",H2,K2))+Profiles!$C$5*I2)/1000000+Profiles!$D$5*IF(L2="",0,L2)) | O2: =IF(OR(H2="",I2=""),"",(Profiles!$B$6*(Profiles!$B$10*H2+Profiles!$B$9*IF(J2="",H2,J2)+Profiles!$B$11*IF(K2="",H2,K2))+Profiles!$C$6*I2)/1000000+Profiles!$D$6*IF(L2="",0,L2)) | P2: =IF(OR(H2="",I2=""),"",(Profiles!$B$5*(Profiles!$B$10*H2+Profiles!$B$9*H2+Profiles!$B$11*H2)+Profiles!$C$5*I2)/1000000+Profiles!$D$5*IF(L2="",0,L2)) | Q2: 2026-09-23
A3: qwen/qwen3.8-27b:free | B3: Qwen: Qwen3.8 27B (free) | D3: yes | E3: yes | F3: 262144 | G3: free | H3: 0 | I3: 0 | M3: =IF(OR(H3="",I3=""),"",(Profiles!$B$4*(Profiles!$B$10*H3+Profiles!$B$9*IF(J3="",H3,J3)+Profiles!$B$11*IF(K3="",H3,K3))+Profiles!$C$4*I3)/1000000+Profiles!$D$4*IF(L3="",0,L3)) | N3: =IF(OR(H3="",I3=""),"",(Profiles!$B$5*(Profiles!$B$10*H3+Profiles!$B$9*IF(J3="",H3,J3)+Profiles!$B$11*IF(K3="",H3,K3))+Profiles!$C$5*I3)/1000000+Profiles!$D$5*IF(L3="",0,L3)) | O3: =IF(OR(H3="",I3=""),"",(Profiles!$B$6*(Profiles!$B$10*H3+Profiles!$B$9*IF(J3="",H3,J3)+Profiles!$B$11*IF(K3="",H3,K3))+Profiles!$C$6*I3)/1000000+Profiles!$D$6*IF(L3="",0,L3)) | P3: =IF(OR(H3="",I3=""),"",(Profiles!$B$5*(Profiles!$B$10*H3+Profiles!$B$9*H3+Profiles!$B$11*H3)+Profiles!$C$5*I3)/1000000+Profiles!$D$5*IF(L3="",0,L3)) | Q3: 2026-08-14
A4: dots-studio/dots-3-note-preview:free | B4: Dots Studio: Dots3-Note Preview (free) | D4: yes | E4: yes | F4: 512000 | G4: free | H4: 0 | I4: 0 | M4: =IF(OR(H4="",I4=""),"",(Profiles!$B$4*(Profiles!$B$10*H4+Profiles!$B$9*IF(J4="",H4,J4)+Profiles!$B$11*IF(K4="",H4,K4))+Profiles!$C$4*I4)/1000000+Profiles!$D$4*IF(L4="",0,L4)) | N4: =IF(OR(H4="",I4=""),"",(Profiles!$B$5*(Profiles!$B$10*H4+Profiles!$B$9*IF(J4="",H4,J4)+Profiles!$B$11*IF(K4="",H4,K4))+Profiles!$C$5*I4)/1000000+Profiles!$D$5*IF(L4="",0,L4)) | O4: =IF(OR(H4="",I4=""),"",(Profiles!$B$6*(Profiles!$B$10*H4+Profiles!$B$9*IF(J4="",H4,J4)+Profiles!$B$11*IF(K4="",H4,K4))+Profiles!$C$6*I4)/1000000+Profiles!$D$6*IF(L4="",0,L4)) | P4: =IF(OR(H4="",I4=""),"",(Profiles!$B$5*(Profiles!$B$10*H4+Profiles!$B$9*H4+Profiles!$B$11*H4)+Profiles!$C$5*I4)/1000000+Profiles!$D$5*IF(L4="",0,L4)) | Q4: 2026-08-14
A5: thinkingmachines/inkling-small:free | B5: Thinking Machines: Inkling Small (free) | D5: yes | E5: yes | F5: 1048576 | G5: free | H5: 0 | I5: 0 | M5: =IF(OR(H5="",I5=""),"",(Profiles!$B$4*(Profiles!$B$10*H5+Profiles!$B$9*IF(J5="",H5,J5)+Profiles!$B$11*IF(K5="",H5,K5))+Profiles!$C$4*I5)/1000000+Profiles!$D$4*IF(L5="",0,L5)) | N5: =IF(OR(H5="",I5=""),"",(Profiles!$B$5*(Profiles!$B$10*H5+Profiles!$B$9*IF(J5="",H5,J5)+Profiles!$B$11*IF(K5="",H5,K5))+Profiles!$C$5*I5)/1000000+Profiles!$D$5*IF(L5="",0,L5)) | O5: =IF(OR(H5="",I5=""),"",(Profiles!$B$6*(Profiles!$B$10*H5+Profiles!$B$9*IF(J5="",H5,J5)+Profiles!$B$11*IF(K5="",H5,K5))+Profiles!$C$6*I5)/1000000+Profiles!$D$6*IF(L5="",0,L5)) | P5: =IF(OR(H5="",I5=""),"",(Profiles!$B$5*(Profiles!$B$10*H5+Profiles!$B$9*H5+Profiles!$B$11*H5)+Profiles!$C$5*I5)/1000000+Profiles!$D$5*IF(L5="",0,L5)) | Q5: 2026-07-30
A6: thinkingmachines/inkling:free | B6: Thinking Machines: Inkling (free) | D6: yes | E6: yes | F6: 1048576 | G6: free | H6: 0 | I6: 0 | M6: =IF(OR(H6="",I6=""),"",(Profiles!$B$4*(Profiles!$B$10*H6+Profiles!$B$9*IF(J6="",H6,J6)+Profiles!$B$11*IF(K6="",H6,K6))+Profiles!$C$4*I6)/1000000+Profiles!$D$4*IF(L6="",0,L6)) | N6: =IF(OR(H6="",I6=""),"",(Profiles!$B$5*(Profiles!$B$10*H6+Profiles!$B$9*IF(J6="",H6,J6)+Profiles!$B$11*IF(K6="",H6,K6))+Profiles!$C$5*I6)/1000000+Profiles!$D$5*IF(L6="",0,L6)) | O6: =IF(OR(H6="",I6=""),"",(Profiles!$B$6*(Profiles!$B$10*H6+Profiles!$B$9*IF(J6="",H6,J6)+Profiles!$B$11*IF(K6="",H6,K6))+Profiles!$C$6*I6)/1000000+Profiles!$D$6*IF(L6="",0,L6)) | P6: =IF(OR(H6="",I6=""),"",(Profiles!$B$5*(Profiles!$B$10*H6+Profiles!$B$9*H6+Profiles!$B$11*H6)+Profiles!$C$5*I6)/1000000+Profiles!$D$5*IF(L6="",0,L6)) | Q6: 2026-07-17
A7: nvidia/nemotron-3-nano-omni-30b-a3b-reasoning:free | B7: NVIDIA: Nemotron 3 Nano Omni (free) | D7: yes | E7: yes | F7: 256000 | G7: free | H7: 0 | I7: 0 | M7: =IF(OR(H7="",I7=""),"",(Profiles!$B$4*(Profiles!$B$10*H7+Profiles!$B$9*IF(J7="",H7,J7)+Profiles!$B$11*IF(K7="",H7,K7))+Profiles!$C$4*I7)/1000000+Profiles!$D$4*IF(L7="",0,L7)) | N7: =IF(OR(H7="",I7=""),"",(Profiles!$B$5*(Profiles!$B$10*H7+Profiles!$B$9*IF(J7="",H7,J7)+Profiles!$B$11*IF(K7="",H7,K7))+Profiles!$C$5*I7)/1000000+Profiles!$D$5*IF(L7="",0,L7)) | O7: =IF(OR(H7="",I7=""),"",(Profiles!$B$6*(Profiles!$B$10*H7+Profiles!$B$9*IF(J7="",H7,J7)+Profiles!$B$11*IF(K7="",H7,K7))+Profiles!$C$6*I7)/1000000+Profiles!$D$6*IF(L7="",0,L7)) | P7: =IF(OR(H7="",I7=""),"",(Profiles!$B$5*(Profiles!$B$10*H7+Profiles!$B$9*H7+Profiles!$B$11*H7)+Profiles!$C$5*I7)/1000000+Profiles!$D$5*IF(L7="",0,L7)) | Q7: 2026-04-28
A8: google/gemma-4-26b-a4b-it:free | B8: Google: Gemma 4 26B A4B (free) | D8: yes | E8: yes | F8: 262144 | G8: free | H8: 0 | I8: 0 | M8: =IF(OR(H8="",I8=""),"",(Profiles!$B$4*(Profiles!$B$10*H8+Profiles!$B$9*IF(J8="",H8,J8)+Profiles!$B$11*IF(K8="",H8,K8))+Profiles!$C$4*I8)/1000000+Profiles!$D$4*IF(L8="",0,L8)) | N8: =IF(OR(H8="",I8=""),"",(Profiles!$B$5*(Profiles!$B$10*H8+Profiles!$B$9*IF(J8="",H8,J8)+Profiles!$B$11*IF(K8="",H8,K8))+Profiles!$C$5*I8)/1000000+Profiles!$D$5*IF(L8="",0,L8)) | O8: =IF(OR(H8="",I8=""),"",(Profiles!$B$6*(Profiles!$B$10*H8+Profiles!$B$9*IF(J8="",H8,J8)+Profiles!$B$11*IF(K8="",H8,K8))+Profiles!$C$6*I8)/1000000+Profiles!$D$6*IF(L8="",0,L8)) | P8: =IF(OR(H8="",I8=""),"",(Profiles!$B$5*(Profiles!$B$10*H8+Profiles!$B$9*H8+Profiles!$B$11*H8)+Profiles!$C$5*I8)/1000000+Profiles!$D$5*IF(L8="",0,L8)) | Q8: 2026-04-03
A9: google/gemma-4-31b-it:free | B9: Google: Gemma 4 31B (free) | D9: yes | E9: yes | F9: 262144 | G9: free | H9: 0 | I9: 0 | M9: =IF(OR(H9="",I9=""),"",(Profiles!$B$4*(Profiles!$B$10*H9+Profiles!$B$9*IF(J9="",H9,J9)+Profiles!$B$11*IF(K9="",H9,K9))+Profiles!$C$4*I9)/1000000+Profiles!$D$4*IF(L9="",0,L9)) | N9: =IF(OR(H9="",I9=""),"",(Profiles!$B$5*(Profiles!$B$10*H9+Profiles!$B$9*IF(J9="",H9,J9)+Profiles!$B$11*IF(K9="",H9,K9))+Profiles!$C$5*I9)/1000000+Profiles!$D$5*IF(L9="",0,L9)) | O9: =IF(OR(H9="",I9=""),"",(Profiles!$B$6*(Profiles!$B$10*H9+Profiles!$B$9*IF(J9="",H9,J9)+Profiles!$B$11*IF(K9="",H9,K9))+Profiles!$C$6*I9)/1000000+Profiles!$D$6*IF(L9="",0,L9)) | P9: =IF(OR(H9="",I9=""),"",(Profiles!$B$5*(Profiles!$B$10*H9+Profiles!$B$9*H9+Profiles!$B$11*H9)+Profiles!$C$5*I9)/1000000+Profiles!$D$5*IF(L9="",0,L9)) | Q9: 2026-04-02
A10: openrouter/free | B10: Free Models Router | D10: yes | E10: yes | F10: 200000 | G10: free | H10: 0 | I10: 0 | M10: =IF(OR(H10="",I10=""),"",(Profiles!$B$4*(Profiles!$B$10*H10+Profiles!$B$9*IF(J10="",H10,J10)+Profiles!$B$11*IF(K10="",H10,K10))+Profiles!$C$4*I10)/1000000+Profiles!$D$4*IF(L10="",0,L10)) | N10: =IF(OR(H10="",I10=""),"",(Profiles!$B$5*(Profiles!$B$10*H10+Profiles!$B$9*IF(J10="",H10,J10)+Profiles!$B$11*IF(K10="",H10,K10))+Profiles!$C$5*I10)/1000000+Profiles!$D$5*IF(L10="",0,L10)) | O10: =IF(OR(H10="",I10=""),"",(Profiles!$B$6*(Profiles!$B$10*H10+Profiles!$B$9*IF(J10="",H10,J10)+Profiles!$B$11*IF(K10="",H10,K10))+Profiles!$C$6*I10)/1000000+Profiles!$D$6*IF(L10="",0,L10)) | P10: =IF(OR(H10="",I10=""),"",(Profiles!$B$5*(Profiles!$B$10*H10+Profiles!$B$9*H10+Profiles!$B$11*H10)+Profiles!$C$5*I10)/1000000+Profiles!$D$5*IF(L10="",0,L10)) | Q10: 2026-02-01
A11: ~deepseek/deepseek-flash-latest | B11: DeepSeek: DeepSeek Flash Latest | D11: yes | E11: yes | F11: 1048576 | G11: alias (latest) | H11: 0.035 | I11: 0.29 | J11: 0.001 | M11: =IF(OR(H11="",I11=""),"",(Profiles!$B$4*(Profiles!$B$10*H11+Profiles!$B$9*IF(J11="",H11,J11)+Profiles!$B$11*IF(K11="",H11,K11))+Profiles!$C$4*I11)/1000000+Profiles!$D$4*IF(L11="",0,L11)) | N11: =IF(OR(H11="",I11=""),"",(Profiles!$B$5*(Profiles!$B$10*H11+Profiles!$B$9*IF(J11="",H11,J11)+Profiles!$B$11*IF(K11="",H11,K11))+Profiles!$C$5*I11)/1000000+Profiles!$D$5*IF(L11="",0,L11)) | O11: =IF(OR(H11="",I11=""),"",(Profiles!$B$6*(Profiles!$B$10*H11+Profiles!$B$9*IF(J11="",H11,J11)+Profiles!$B$11*IF(K11="",H11,K11))+Profiles!$C$6*I11)/1000000+Profiles!$D$6*IF(L11="",0,L11)) | P11: =IF(OR(H11="",I11=""),"",(Profiles!$B$5*(Profiles!$B$10*H11+Profiles!$B$9*H11+Profiles!$B$11*H11)+Profiles!$C$5*I11)/1000000+Profiles!$D$5*IF(L11="",0,L11)) | Q11: 2026-09-14
A12: deepseek/deepseek-v4.1-flash | B12: DeepSeek: DeepSeek V4.1 Flash | C12: r18 (via Go) | D12: yes | E12: yes | F12: 1048576 | H12: 0.035 | I12: 0.29 | J12: 0.001 | M12: =IF(OR(H12="",I12=""),"",(Profiles!$B$4*(Profiles!$B$10*H12+Profiles!$B$9*IF(J12="",H12,J12)+Profiles!$B$11*IF(K12="",H12,K12))+Profiles!$C$4*I12)/1000000+Profiles!$D$4*IF(L12="",0,L12)) | N12: =IF(OR(H12="",I12=""),"",(Profiles!$B$5*(Profiles!$B$10*H12+Profiles!$B$9*IF(J12="",H12,J12)+Profiles!$B$11*IF(K12="",H12,K12))+Profiles!$C$5*I12)/1000000+Profiles!$D$5*IF(L12="",0,L12)) | O12: =IF(OR(H12="",I12=""),"",(Profiles!$B$6*(Profiles!$B$10*H12+Profiles!$B$9*IF(J12="",H12,J12)+Profiles!$B$11*IF(K12="",H12,K12))+Profiles!$C$6*I12)/1000000+Profiles!$D$6*IF(L12="",0,L12)) | P12: =IF(OR(H12="",I12=""),"",(Profiles!$B$5*(Profiles!$B$10*H12+Profiles!$B$9*H12+Profiles!$B$11*H12)+Profiles!$C$5*I12)/1000000+Profiles!$D$5*IF(L12="",0,L12)) | Q12: 2026-09-10
A13: inclusionai/ling-3.0-flash-vl | B13: inclusionAI: Ling 3.0 Flash VL | D13: yes | E13: yes | F13: 262144 | H13: 0.021 | I13: 0.0616 | J13: 0.0042 | M13: =IF(OR(H13="",I13=""),"",(Profiles!$B$4*(Profiles!$B$10*H13+Profiles!$B$9*IF(J13="",H13,J13)+Profiles!$B$11*IF(K13="",H13,K13))+Profiles!$C$4*I13)/1000000+Profiles!$D$4*IF(L13="",0,L13)) | N13: =IF(OR(H13="",I13=""),"",(Profiles!$B$5*(Profiles!$B$10*H13+Profiles!$B$9*IF(J13="",H13,J13)+Profiles!$B$11*IF(K13="",H13,K13))+Profiles!$C$5*I13)/1000000+Profiles!$D$5*IF(L13="",0,L13)) | O13: =IF(OR(H13="",I13=""),"",(Profiles!$B$6*(Profiles!$B$10*H13+Profiles!$B$9*IF(J13="",H13,J13)+Profiles!$B$11*IF(K13="",H13,K13))+Profiles!$C$6*I13)/1000000+Profiles!$D$6*IF(L13="",0,L13)) | P13: =IF(OR(H13="",I13=""),"",(Profiles!$B$5*(Profiles!$B$10*H13+Profiles!$B$9*H13+Profiles!$B$11*H13)+Profiles!$C$5*I13)/1000000+Profiles!$D$5*IF(L13="",0,L13)) | Q13: 2026-09-10
A14: qwen/qwen3.7-flash | B14: Qwen: Qwen3.7 Flash | D14: yes | E14: yes | F14: 1000000 | H14: 0.03 | I14: 0.13 | J14: 0.006 | K14: 0.038 | M14: =IF(OR(H14="",I14=""),"",(Profiles!$B$4*(Profiles!$B$10*H14+Profiles!$B$9*IF(J14="",H14,J14)+Profiles!$B$11*IF(K14="",H14,K14))+Profiles!$C$4*I14)/1000000+Profiles!$D$4*IF(L14="",0,L14)) | N14: =IF(OR(H14="",I14=""),"",(Profiles!$B$5*(Profiles!$B$10*H14+Profiles!$B$9*IF(J14="",H14,J14)+Profiles!$B$11*IF(K14="",H14,K14))+Profiles!$C$5*I14)/1000000+Profiles!$D$5*IF(L14="",0,L14)) | O14: =IF(OR(H14="",I14=""),"",(Profiles!$B$6*(Profiles!$B$10*H14+Profiles!$B$9*IF(J14="",H14,J14)+Profiles!$B$11*IF(K14="",H14,K14))+Profiles!$C$6*I14)/1000000+Profiles!$D$6*IF(L14="",0,L14)) | P14: =IF(OR(H14="",I14=""),"",(Profiles!$B$5*(Profiles!$B$10*H14+Profiles!$B$9*H14+Profiles!$B$11*H14)+Profiles!$C$5*I14)/1000000+Profiles!$D$5*IF(L14="",0,L14)) | Q14: 2026-07-27
A15: openai/gpt-5-nano | B15: OpenAI: GPT-5 Nano | D15: yes | E15: yes | F15: 400000 | H15: 0.05 | I15: 0.4 | J15: 0.005 | M15: =IF(OR(H15="",I15=""),"",(Profiles!$B$4*(Profiles!$B$10*H15+Profiles!$B$9*IF(J15="",H15,J15)+Profiles!$B$11*IF(K15="",H15,K15))+Profiles!$C$4*I15)/1000000+Profiles!$D$4*IF(L15="",0,L15)) | N15: =IF(OR(H15="",I15=""),"",(Profiles!$B$5*(Profiles!$B$10*H15+Profiles!$B$9*IF(J15="",H15,J15)+Profiles!$B$11*IF(K15="",H15,K15))+Profiles!$C$5*I15)/1000000+Profiles!$D$5*IF(L15="",0,L15)) | O15: =IF(OR(H15="",I15=""),"",(Profiles!$B$6*(Profiles!$B$10*H15+Profiles!$B$9*IF(J15="",H15,J15)+Profiles!$B$11*IF(K15="",H15,K15))+Profiles!$C$6*I15)/1000000+Profiles!$D$6*IF(L15="",0,L15)) | P15: =IF(OR(H15="",I15=""),"",(Profiles!$B$5*(Profiles!$B$10*H15+Profiles!$B$9*H15+Profiles!$B$11*H15)+Profiles!$C$5*I15)/1000000+Profiles!$D$5*IF(L15="",0,L15)) | Q15: 2025-08-07
A16: meta/muse-spark-1.3-contributor | B16: Meta: Muse Spark 1.3 Contributor | D16: yes | E16: yes | F16: 1048576 | H16: 0.1 | I16: 0.2 | J16: 0.002 | M16: =IF(OR(H16="",I16=""),"",(Profiles!$B$4*(Profiles!$B$10*H16+Profiles!$B$9*IF(J16="",H16,J16)+Profiles!$B$11*IF(K16="",H16,K16))+Profiles!$C$4*I16)/1000000+Profiles!$D$4*IF(L16="",0,L16)) | N16: =IF(OR(H16="",I16=""),"",(Profiles!$B$5*(Profiles!$B$10*H16+Profiles!$B$9*IF(J16="",H16,J16)+Profiles!$B$11*IF(K16="",H16,K16))+Profiles!$C$5*I16)/1000000+Profiles!$D$5*IF(L16="",0,L16)) | O16: =IF(OR(H16="",I16=""),"",(Profiles!$B$6*(Profiles!$B$10*H16+Profiles!$B$9*IF(J16="",H16,J16)+Profiles!$B$11*IF(K16="",H16,K16))+Profiles!$C$6*I16)/1000000+Profiles!$D$6*IF(L16="",0,L16)) | P16: =IF(OR(H16="",I16=""),"",(Profiles!$B$5*(Profiles!$B$10*H16+Profiles!$B$9*H16+Profiles!$B$11*H16)+Profiles!$C$5*I16)/1000000+Profiles!$D$5*IF(L16="",0,L16)) | Q16: 2026-09-02
A17: meta/muse-spark-1.2-contributor | B17: Meta: Muse Spark 1.2 Contributor | D17: yes | E17: yes | F17: 1048576 | H17: 0.1 | I17: 0.2 | J17: 0.002 | M17: =IF(OR(H17="",I17=""),"",(Profiles!$B$4*(Profiles!$B$10*H17+Profiles!$B$9*IF(J17="",H17,J17)+Profiles!$B$11*IF(K17="",H17,K17))+Profiles!$C$4*I17)/1000000+Profiles!$D$4*IF(L17="",0,L17)) | N17: =IF(OR(H17="",I17=""),"",(Profiles!$B$5*(Profiles!$B$10*H17+Profiles!$B$9*IF(J17="",H17,J17)+Profiles!$B$11*IF(K17="",H17,K17))+Profiles!$C$5*I17)/1000000+Profiles!$D$5*IF(L17="",0,L17)) | O17: =IF(OR(H17="",I17=""),"",(Profiles!$B$6*(Profiles!$B$10*H17+Profiles!$B$9*IF(J17="",H17,J17)+Profiles!$B$11*IF(K17="",H17,K17))+Profiles!$C$6*I17)/1000000+Profiles!$D$6*IF(L17="",0,L17)) | P17: =IF(OR(H17="",I17=""),"",(Profiles!$B$5*(Profiles!$B$10*H17+Profiles!$B$9*H17+Profiles!$B$11*H17)+Profiles!$C$5*I17)/1000000+Profiles!$D$5*IF(L17="",0,L17)) | Q17: 2026-08-21
A18: ~z-ai/glm-flash-latest | B18: Z.ai: GLM Flash Latest | D18: yes | E18: yes | F18: 1310720 | G18: alias (latest) | H18: 0.045 | I18: 0.14 | J18: 0.01 | M18: =IF(OR(H18="",I18=""),"",(Profiles!$B$4*(Profiles!$B$10*H18+Profiles!$B$9*IF(J18="",H18,J18)+Profiles!$B$11*IF(K18="",H18,K18))+Profiles!$C$4*I18)/1000000+Profiles!$D$4*IF(L18="",0,L18)) | N18: =IF(OR(H18="",I18=""),"",(Profiles!$B$5*(Profiles!$B$10*H18+Profiles!$B$9*IF(J18="",H18,J18)+Profiles!$B$11*IF(K18="",H18,K18))+Profiles!$C$5*I18)/1000000+Profiles!$D$5*IF(L18="",0,L18)) | O18: =IF(OR(H18="",I18=""),"",(Profiles!$B$6*(Profiles!$B$10*H18+Profiles!$B$9*IF(J18="",H18,J18)+Profiles!$B$11*IF(K18="",H18,K18))+Profiles!$C$6*I18)/1000000+Profiles!$D$6*IF(L18="",0,L18)) | P18: =IF(OR(H18="",I18=""),"",(Profiles!$B$5*(Profiles!$B$10*H18+Profiles!$B$9*H18+Profiles!$B$11*H18)+Profiles!$C$5*I18)/1000000+Profiles!$D$5*IF(L18="",0,L18)) | Q18: 2026-08-27
A19: xiaomi/mimo-v2.6-flash | B19: Xiaomi: MiMo-V2.6-Flash | D19: yes | E19: yes | F19: 1048576 | H19: 0.14 | I19: 0.28 | J19: 0.0028 | M19: =IF(OR(H19="",I19=""),"",(Profiles!$B$4*(Profiles!$B$10*H19+Profiles!$B$9*IF(J19="",H19,J19)+Profiles!$B$11*IF(K19="",H19,K19))+Profiles!$C$4*I19)/1000000+Profiles!$D$4*IF(L19="",0,L19)) | N19: =IF(OR(H19="",I19=""),"",(Profiles!$B$5*(Profiles!$B$10*H19+Profiles!$B$9*IF(J19="",H19,J19)+Profiles!$B$11*IF(K19="",H19,K19))+Profiles!$C$5*I19)/1000000+Profiles!$D$5*IF(L19="",0,L19)) | O19: =IF(OR(H19="",I19=""),"",(Profiles!$B$6*(Profiles!$B$10*H19+Profiles!$B$9*IF(J19="",H19,J19)+Profiles!$B$11*IF(K19="",H19,K19))+Profiles!$C$6*I19)/1000000+Profiles!$D$6*IF(L19="",0,L19)) | P19: =IF(OR(H19="",I19=""),"",(Profiles!$B$5*(Profiles!$B$10*H19+Profiles!$B$9*H19+Profiles!$B$11*H19)+Profiles!$C$5*I19)/1000000+Profiles!$D$5*IF(L19="",0,L19)) | Q19: 2026-09-21
A20: xiaomi/mimo-v2.5 | B20: Xiaomi: MiMo-V2.5 | D20: yes | E20: yes | F20: 1050000 | H20: 0.14 | I20: 0.28 | J20: 0.0028 | M20: =IF(OR(H20="",I20=""),"",(Profiles!$B$4*(Profiles!$B$10*H20+Profiles!$B$9*IF(J20="",H20,J20)+Profiles!$B$11*IF(K20="",H20,K20))+Profiles!$C$4*I20)/1000000+Profiles!$D$4*IF(L20="",0,L20)) | N20: =IF(OR(H20="",I20=""),"",(Profiles!$B$5*(Profiles!$B$10*H20+Profiles!$B$9*IF(J20="",H20,J20)+Profiles!$B$11*IF(K20="",H20,K20))+Profiles!$C$5*I20)/1000000+Profiles!$D$5*IF(L20="",0,L20)) | O20: =IF(OR(H20="",I20=""),"",(Profiles!$B$6*(Profiles!$B$10*H20+Profiles!$B$9*IF(J20="",H20,J20)+Profiles!$B$11*IF(K20="",H20,K20))+Profiles!$C$6*I20)/1000000+Profiles!$D$6*IF(L20="",0,L20)) | P20: =IF(OR(H20="",I20=""),"",(Profiles!$B$5*(Profiles!$B$10*H20+Profiles!$B$9*H20+Profiles!$B$11*H20)+Profiles!$C$5*I20)/1000000+Profiles!$D$5*IF(L20="",0,L20)) | Q20: 2026-04-22
A21: mistralai/ministral-3b-2512 | B21: Mistral: Ministral 3 3B 2512 | D21: yes | E21: yes | F21: 131072 | H21: 0.1 | I21: 0.1 | J21: 0.01 | M21: =IF(OR(H21="",I21=""),"",(Profiles!$B$4*(Profiles!$B$10*H21+Profiles!$B$9*IF(J21="",H21,J21)+Profiles!$B$11*IF(K21="",H21,K21))+Profiles!$C$4*I21)/1000000+Profiles!$D$4*IF(L21="",0,L21)) | N21: =IF(OR(H21="",I21=""),"",(Profiles!$B$5*(Profiles!$B$10*H21+Profiles!$B$9*IF(J21="",H21,J21)+Profiles!$B$11*IF(K21="",H21,K21))+Profiles!$C$5*I21)/1000000+Profiles!$D$5*IF(L21="",0,L21)) | O21: =IF(OR(H21="",I21=""),"",(Profiles!$B$6*(Profiles!$B$10*H21+Profiles!$B$9*IF(J21="",H21,J21)+Profiles!$B$11*IF(K21="",H21,K21))+Profiles!$C$6*I21)/1000000+Profiles!$D$6*IF(L21="",0,L21)) | P21: =IF(OR(H21="",I21=""),"",(Profiles!$B$5*(Profiles!$B$10*H21+Profiles!$B$9*H21+Profiles!$B$11*H21)+Profiles!$C$5*I21)/1000000+Profiles!$D$5*IF(L21="",0,L21)) | Q21: 2025-12-02
A22: google/gemini-2.5-flash-lite | B22: Google: Gemini 2.5 Flash Lite | D22: yes | E22: yes | F22: 1048576 | H22: 0.1 | I22: 0.4 | J22: 0.01 | K22: 0.083333333 | L22: 1e-07 | M22: =IF(OR(H22="",I22=""),"",(Profiles!$B$4*(Profiles!$B$10*H22+Profiles!$B$9*IF(J22="",H22,J22)+Profiles!$B$11*IF(K22="",H22,K22))+Profiles!$C$4*I22)/1000000+Profiles!$D$4*IF(L22="",0,L22)) | N22: =IF(OR(H22="",I22=""),"",(Profiles!$B$5*(Profiles!$B$10*H22+Profiles!$B$9*IF(J22="",H22,J22)+Profiles!$B$11*IF(K22="",H22,K22))+Profiles!$C$5*I22)/1000000+Profiles!$D$5*IF(L22="",0,L22)) | O22: =IF(OR(H22="",I22=""),"",(Profiles!$B$6*(Profiles!$B$10*H22+Profiles!$B$9*IF(J22="",H22,J22)+Profiles!$B$11*IF(K22="",H22,K22))+Profiles!$C$6*I22)/1000000+Profiles!$D$6*IF(L22="",0,L22)) | P22: =IF(OR(H22="",I22=""),"",(Profiles!$B$5*(Profiles!$B$10*H22+Profiles!$B$9*H22+Profiles!$B$11*H22)+Profiles!$C$5*I22)/1000000+Profiles!$D$5*IF(L22="",0,L22)) | Q22: 2025-07-22 | R22: 2026-10-20
A23: openai/gpt-6-luna-pro | B23: OpenAI: GPT-6 Luna Pro | D23: yes | E23: yes | F23: 1050000 | H23: 0.1 | I23: 0.5 | J23: 0.01 | K23: 0.125 | M23: =IF(OR(H23="",I23=""),"",(Profiles!$B$4*(Profiles!$B$10*H23+Profiles!$B$9*IF(J23="",H23,J23)+Profiles!$B$11*IF(K23="",H23,K23))+Profiles!$C$4*I23)/1000000+Profiles!$D$4*IF(L23="",0,L23)) | N23: =IF(OR(H23="",I23=""),"",(Profiles!$B$5*(Profiles!$B$10*H23+Profiles!$B$9*IF(J23="",H23,J23)+Profiles!$B$11*IF(K23="",H23,K23))+Profiles!$C$5*I23)/1000000+Profiles!$D$5*IF(L23="",0,L23)) | O23: =IF(OR(H23="",I23=""),"",(Profiles!$B$6*(Profiles!$B$10*H23+Profiles!$B$9*IF(J23="",H23,J23)+Profiles!$B$11*IF(K23="",H23,K23))+Profiles!$C$6*I23)/1000000+Profiles!$D$6*IF(L23="",0,L23)) | P23: =IF(OR(H23="",I23=""),"",(Profiles!$B$5*(Profiles!$B$10*H23+Profiles!$B$9*H23+Profiles!$B$11*H23)+Profiles!$C$5*I23)/1000000+Profiles!$D$5*IF(L23="",0,L23)) | Q23: 2026-09-22
A24: openai/gpt-6-luna | B24: OpenAI: GPT-6 Luna | C24: r19 (via ChatGPT subscription) | D24: yes | E24: yes | F24: 1050000 | H24: 0.1 | I24: 0.5 | J24: 0.01 | K24: 0.125 | M24: =IF(OR(H24="",I24=""),"",(Profiles!$B$4*(Profiles!$B$10*H24+Profiles!$B$9*IF(J24="",H24,J24)+Profiles!$B$11*IF(K24="",H24,K24))+Profiles!$C$4*I24)/1000000+Profiles!$D$4*IF(L24="",0,L24)) | N24: =IF(OR(H24="",I24=""),"",(Profiles!$B$5*(Profiles!$B$10*H24+Profiles!$B$9*IF(J24="",H24,J24)+Profiles!$B$11*IF(K24="",H24,K24))+Profiles!$C$5*I24)/1000000+Profiles!$D$5*IF(L24="",0,L24)) | O24: =IF(OR(H24="",I24=""),"",(Profiles!$B$6*(Profiles!$B$10*H24+Profiles!$B$9*IF(J24="",H24,J24)+Profiles!$B$11*IF(K24="",H24,K24))+Profiles!$C$6*I24)/1000000+Profiles!$D$6*IF(L24="",0,L24)) | P24: =IF(OR(H24="",I24=""),"",(Profiles!$B$5*(Profiles!$B$10*H24+Profiles!$B$9*H24+Profiles!$B$11*H24)+Profiles!$C$5*I24)/1000000+Profiles!$D$5*IF(L24="",0,L24)) | Q24: 2026-09-22
A25: ~openai/gpt-luna-latest | B25: OpenAI: GPT Luna Latest | D25: yes | E25: yes | F25: 1050000 | G25: alias (latest) | H25: 0.1 | I25: 0.5 | J25: 0.01 | K25: 0.125 | M25: =IF(OR(H25="",I25=""),"",(Profiles!$B$4*(Profiles!$B$10*H25+Profiles!$B$9*IF(J25="",H25,J25)+Profiles!$B$11*IF(K25="",H25,K25))+Profiles!$C$4*I25)/1000000+Profiles!$D$4*IF(L25="",0,L25)) | N25: =IF(OR(H25="",I25=""),"",(Profiles!$B$5*(Profiles!$B$10*H25+Profiles!$B$9*IF(J25="",H25,J25)+Profiles!$B$11*IF(K25="",H25,K25))+Profiles!$C$5*I25)/1000000+Profiles!$D$5*IF(L25="",0,L25)) | O25: =IF(OR(H25="",I25=""),"",(Profiles!$B$6*(Profiles!$B$10*H25+Profiles!$B$9*IF(J25="",H25,J25)+Profiles!$B$11*IF(K25="",H25,K25))+Profiles!$C$6*I25)/1000000+Profiles!$D$6*IF(L25="",0,L25)) | P25: =IF(OR(H25="",I25=""),"",(Profiles!$B$5*(Profiles!$B$10*H25+Profiles!$B$9*H25+Profiles!$B$11*H25)+Profiles!$C$5*I25)/1000000+Profiles!$D$5*IF(L25="",0,L25)) | Q25: 2026-09-11
A26: mistralai/ministral-8b-2512 | B26: Mistral: Ministral 3 8B 2512 | D26: yes | E26: yes | F26: 262144 | H26: 0.15 | I26: 0.15 | J26: 0.015 | M26: =IF(OR(H26="",I26=""),"",(Profiles!$B$4*(Profiles!$B$10*H26+Profiles!$B$9*IF(J26="",H26,J26)+Profiles!$B$11*IF(K26="",H26,K26))+Profiles!$C$4*I26)/1000000+Profiles!$D$4*IF(L26="",0,L26)) | N26: =IF(OR(H26="",I26=""),"",(Profiles!$B$5*(Profiles!$B$10*H26+Profiles!$B$9*IF(J26="",H26,J26)+Profiles!$B$11*IF(K26="",H26,K26))+Profiles!$C$5*I26)/1000000+Profiles!$D$5*IF(L26="",0,L26)) | O26: =IF(OR(H26="",I26=""),"",(Profiles!$B$6*(Profiles!$B$10*H26+Profiles!$B$9*IF(J26="",H26,J26)+Profiles!$B$11*IF(K26="",H26,K26))+Profiles!$C$6*I26)/1000000+Profiles!$D$6*IF(L26="",0,L26)) | P26: =IF(OR(H26="",I26=""),"",(Profiles!$B$5*(Profiles!$B$10*H26+Profiles!$B$9*H26+Profiles!$B$11*H26)+Profiles!$C$5*I26)/1000000+Profiles!$D$5*IF(L26="",0,L26)) | Q26: 2025-12-02
A27: mistralai/mistral-small-2603 | B27: Mistral: Mistral Small 4 | D27: yes | E27: yes | F27: 262144 | H27: 0.15 | I27: 0.6 | J27: 0.015 | M27: =IF(OR(H27="",I27=""),"",(Profiles!$B$4*(Profiles!$B$10*H27+Profiles!$B$9*IF(J27="",H27,J27)+Profiles!$B$11*IF(K27="",H27,K27))+Profiles!$C$4*I27)/1000000+Profiles!$D$4*IF(L27="",0,L27)) | N27: =IF(OR(H27="",I27=""),"",(Profiles!$B$5*(Profiles!$B$10*H27+Profiles!$B$9*IF(J27="",H27,J27)+Profiles!$B$11*IF(K27="",H27,K27))+Profiles!$C$5*I27)/1000000+Profiles!$D$5*IF(L27="",0,L27)) | O27: =IF(OR(H27="",I27=""),"",(Profiles!$B$6*(Profiles!$B$10*H27+Profiles!$B$9*IF(J27="",H27,J27)+Profiles!$B$11*IF(K27="",H27,K27))+Profiles!$C$6*I27)/1000000+Profiles!$D$6*IF(L27="",0,L27)) | P27: =IF(OR(H27="",I27=""),"",(Profiles!$B$5*(Profiles!$B$10*H27+Profiles!$B$9*H27+Profiles!$B$11*H27)+Profiles!$C$5*I27)/1000000+Profiles!$D$5*IF(L27="",0,L27)) | Q27: 2026-03-16
A28: qwen/qwen3.8-omni-flash | B28: Qwen: Qwen3.8 Omni Flash | D28: yes | E28: yes | F28: 1000000 | H28: 0.15 | I28: 0.47 | J28: 0.016 | M28: =IF(OR(H28="",I28=""),"",(Profiles!$B$4*(Profiles!$B$10*H28+Profiles!$B$9*IF(J28="",H28,J28)+Profiles!$B$11*IF(K28="",H28,K28))+Profiles!$C$4*I28)/1000000+Profiles!$D$4*IF(L28="",0,L28)) | N28: =IF(OR(H28="",I28=""),"",(Profiles!$B$5*(Profiles!$B$10*H28+Profiles!$B$9*IF(J28="",H28,J28)+Profiles!$B$11*IF(K28="",H28,K28))+Profiles!$C$5*I28)/1000000+Profiles!$D$5*IF(L28="",0,L28)) | O28: =IF(OR(H28="",I28=""),"",(Profiles!$B$6*(Profiles!$B$10*H28+Profiles!$B$9*IF(J28="",H28,J28)+Profiles!$B$11*IF(K28="",H28,K28))+Profiles!$C$6*I28)/1000000+Profiles!$D$6*IF(L28="",0,L28)) | P28: =IF(OR(H28="",I28=""),"",(Profiles!$B$5*(Profiles!$B$10*H28+Profiles!$B$9*H28+Profiles!$B$11*H28)+Profiles!$C$5*I28)/1000000+Profiles!$D$5*IF(L28="",0,L28)) | Q28: 2026-09-21
A29: qwen/qwen3.8-flash | B29: Qwen: Qwen3.8 Flash | D29: yes | E29: yes | F29: 1000000 | H29: 0.15 | I29: 0.47 | J29: 0.016 | K29: 0.2 | M29: =IF(OR(H29="",I29=""),"",(Profiles!$B$4*(Profiles!$B$10*H29+Profiles!$B$9*IF(J29="",H29,J29)+Profiles!$B$11*IF(K29="",H29,K29))+Profiles!$C$4*I29)/1000000+Profiles!$D$4*IF(L29="",0,L29)) | N29: =IF(OR(H29="",I29=""),"",(Profiles!$B$5*(Profiles!$B$10*H29+Profiles!$B$9*IF(J29="",H29,J29)+Profiles!$B$11*IF(K29="",H29,K29))+Profiles!$C$5*I29)/1000000+Profiles!$D$5*IF(L29="",0,L29)) | O29: =IF(OR(H29="",I29=""),"",(Profiles!$B$6*(Profiles!$B$10*H29+Profiles!$B$9*IF(J29="",H29,J29)+Profiles!$B$11*IF(K29="",H29,K29))+Profiles!$C$6*I29)/1000000+Profiles!$D$6*IF(L29="",0,L29)) | P29: =IF(OR(H29="",I29=""),"",(Profiles!$B$5*(Profiles!$B$10*H29+Profiles!$B$9*H29+Profiles!$B$11*H29)+Profiles!$C$5*I29)/1000000+Profiles!$D$5*IF(L29="",0,L29)) | Q29: 2026-08-26
A30: openai/gpt-4.1-nano | B30: OpenAI: GPT-4.1 Nano | D30: yes | E30: yes | F30: 1047576 | H30: 0.1 | I30: 0.4 | J30: 0.025 | M30: =IF(OR(H30="",I30=""),"",(Profiles!$B$4*(Profiles!$B$10*H30+Profiles!$B$9*IF(J30="",H30,J30)+Profiles!$B$11*IF(K30="",H30,K30))+Profiles!$C$4*I30)/1000000+Profiles!$D$4*IF(L30="",0,L30)) | N30: =IF(OR(H30="",I30=""),"",(Profiles!$B$5*(Profiles!$B$10*H30+Profiles!$B$9*IF(J30="",H30,J30)+Profiles!$B$11*IF(K30="",H30,K30))+Profiles!$C$5*I30)/1000000+Profiles!$D$5*IF(L30="",0,L30)) | O30: =IF(OR(H30="",I30=""),"",(Profiles!$B$6*(Profiles!$B$10*H30+Profiles!$B$9*IF(J30="",H30,J30)+Profiles!$B$11*IF(K30="",H30,K30))+Profiles!$C$6*I30)/1000000+Profiles!$D$6*IF(L30="",0,L30)) | P30: =IF(OR(H30="",I30=""),"",(Profiles!$B$5*(Profiles!$B$10*H30+Profiles!$B$9*H30+Profiles!$B$11*H30)+Profiles!$C$5*I30)/1000000+Profiles!$D$5*IF(L30="",0,L30)) | Q30: 2025-04-14
A31: mistralai/ministral-14b-2512 | B31: Mistral: Ministral 3 14B 2512 | D31: yes | E31: yes | F31: 262144 | H31: 0.2 | I31: 0.2 | J31: 0.02 | M31: =IF(OR(H31="",I31=""),"",(Profiles!$B$4*(Profiles!$B$10*H31+Profiles!$B$9*IF(J31="",H31,J31)+Profiles!$B$11*IF(K31="",H31,K31))+Profiles!$C$4*I31)/1000000+Profiles!$D$4*IF(L31="",0,L31)) | N31: =IF(OR(H31="",I31=""),"",(Profiles!$B$5*(Profiles!$B$10*H31+Profiles!$B$9*IF(J31="",H31,J31)+Profiles!$B$11*IF(K31="",H31,K31))+Profiles!$C$5*I31)/1000000+Profiles!$D$5*IF(L31="",0,L31)) | O31: =IF(OR(H31="",I31=""),"",(Profiles!$B$6*(Profiles!$B$10*H31+Profiles!$B$9*IF(J31="",H31,J31)+Profiles!$B$11*IF(K31="",H31,K31))+Profiles!$C$6*I31)/1000000+Profiles!$D$6*IF(L31="",0,L31)) | P31: =IF(OR(H31="",I31=""),"",(Profiles!$B$5*(Profiles!$B$10*H31+Profiles!$B$9*H31+Profiles!$B$11*H31)+Profiles!$C$5*I31)/1000000+Profiles!$D$5*IF(L31="",0,L31)) | Q31: 2025-12-02
A32: z-ai/glm-5.3-flash | B32: Z.ai: GLM 5.3 Flash | C32: r18 (via Go) | D32: yes | E32: yes | F32: 1310720 | H32: 0.15 | I32: 0.5 | J32: 0.03 | M32: =IF(OR(H32="",I32=""),"",(Profiles!$B$4*(Profiles!$B$10*H32+Profiles!$B$9*IF(J32="",H32,J32)+Profiles!$B$11*IF(K32="",H32,K32))+Profiles!$C$4*I32)/1000000+Profiles!$D$4*IF(L32="",0,L32)) | N32: =IF(OR(H32="",I32=""),"",(Profiles!$B$5*(Profiles!$B$10*H32+Profiles!$B$9*IF(J32="",H32,J32)+Profiles!$B$11*IF(K32="",H32,K32))+Profiles!$C$5*I32)/1000000+Profiles!$D$5*IF(L32="",0,L32)) | O32: =IF(OR(H32="",I32=""),"",(Profiles!$B$6*(Profiles!$B$10*H32+Profiles!$B$9*IF(J32="",H32,J32)+Profiles!$B$11*IF(K32="",H32,K32))+Profiles!$C$6*I32)/1000000+Profiles!$D$6*IF(L32="",0,L32)) | P32: =IF(OR(H32="",I32=""),"",(Profiles!$B$5*(Profiles!$B$10*H32+Profiles!$B$9*H32+Profiles!$B$11*H32)+Profiles!$C$5*I32)/1000000+Profiles!$D$5*IF(L32="",0,L32)) | Q32: 2026-08-26
A33: openai/gpt-5.4-nano | B33: OpenAI: GPT-5.4 Nano | D33: yes | E33: yes | F33: 400000 | H33: 0.2 | I33: 1.25 | J33: 0.02 | M33: =IF(OR(H33="",I33=""),"",(Profiles!$B$4*(Profiles!$B$10*H33+Profiles!$B$9*IF(J33="",H33,J33)+Profiles!$B$11*IF(K33="",H33,K33))+Profiles!$C$4*I33)/1000000+Profiles!$D$4*IF(L33="",0,L33)) | N33: =IF(OR(H33="",I33=""),"",(Profiles!$B$5*(Profiles!$B$10*H33+Profiles!$B$9*IF(J33="",H33,J33)+Profiles!$B$11*IF(K33="",H33,K33))+Profiles!$C$5*I33)/1000000+Profiles!$D$5*IF(L33="",0,L33)) | O33: =IF(OR(H33="",I33=""),"",(Profiles!$B$6*(Profiles!$B$10*H33+Profiles!$B$9*IF(J33="",H33,J33)+Profiles!$B$11*IF(K33="",H33,K33))+Profiles!$C$6*I33)/1000000+Profiles!$D$6*IF(L33="",0,L33)) | P33: =IF(OR(H33="",I33=""),"",(Profiles!$B$5*(Profiles!$B$10*H33+Profiles!$B$9*H33+Profiles!$B$11*H33)+Profiles!$C$5*I33)/1000000+Profiles!$D$5*IF(L33="",0,L33)) | Q33: 2026-03-17
A34: google/gemma-3-27b-it | B34: Google: Gemma 3 27B | D34: yes | E34: yes | F34: 131072 | H34: 0.08 | I34: 0.45 | J34: 0.04 | M34: =IF(OR(H34="",I34=""),"",(Profiles!$B$4*(Profiles!$B$10*H34+Profiles!$B$9*IF(J34="",H34,J34)+Profiles!$B$11*IF(K34="",H34,K34))+Profiles!$C$4*I34)/1000000+Profiles!$D$4*IF(L34="",0,L34)) | N34: =IF(OR(H34="",I34=""),"",(Profiles!$B$5*(Profiles!$B$10*H34+Profiles!$B$9*IF(J34="",H34,J34)+Profiles!$B$11*IF(K34="",H34,K34))+Profiles!$C$5*I34)/1000000+Profiles!$D$5*IF(L34="",0,L34)) | O34: =IF(OR(H34="",I34=""),"",(Profiles!$B$6*(Profiles!$B$10*H34+Profiles!$B$9*IF(J34="",H34,J34)+Profiles!$B$11*IF(K34="",H34,K34))+Profiles!$C$6*I34)/1000000+Profiles!$D$6*IF(L34="",0,L34)) | P34: =IF(OR(H34="",I34=""),"",(Profiles!$B$5*(Profiles!$B$10*H34+Profiles!$B$9*H34+Profiles!$B$11*H34)+Profiles!$C$5*I34)/1000000+Profiles!$D$5*IF(L34="",0,L34)) | Q34: 2025-03-12
A35: openai/gpt-5.6-luna-pro | B35: OpenAI: GPT-5.6 Luna Pro | D35: yes | E35: yes | F35: 1050000 | H35: 0.2 | I35: 1.2 | J35: 0.02 | K35: 0.25 | M35: =IF(OR(H35="",I35=""),"",(Profiles!$B$4*(Profiles!$B$10*H35+Profiles!$B$9*IF(J35="",H35,J35)+Profiles!$B$11*IF(K35="",H35,K35))+Profiles!$C$4*I35)/1000000+Profiles!$D$4*IF(L35="",0,L35)) | N35: =IF(OR(H35="",I35=""),"",(Profiles!$B$5*(Profiles!$B$10*H35+Profiles!$B$9*IF(J35="",H35,J35)+Profiles!$B$11*IF(K35="",H35,K35))+Profiles!$C$5*I35)/1000000+Profiles!$D$5*IF(L35="",0,L35)) | O35: =IF(OR(H35="",I35=""),"",(Profiles!$B$6*(Profiles!$B$10*H35+Profiles!$B$9*IF(J35="",H35,J35)+Profiles!$B$11*IF(K35="",H35,K35))+Profiles!$C$6*I35)/1000000+Profiles!$D$6*IF(L35="",0,L35)) | P35: =IF(OR(H35="",I35=""),"",(Profiles!$B$5*(Profiles!$B$10*H35+Profiles!$B$9*H35+Profiles!$B$11*H35)+Profiles!$C$5*I35)/1000000+Profiles!$D$5*IF(L35="",0,L35)) | Q35: 2026-07-09
A36: openai/gpt-5.6-luna | B36: OpenAI: GPT-5.6 Luna | D36: yes | E36: yes | F36: 1050000 | H36: 0.2 | I36: 1.2 | J36: 0.02 | K36: 0.25 | M36: =IF(OR(H36="",I36=""),"",(Profiles!$B$4*(Profiles!$B$10*H36+Profiles!$B$9*IF(J36="",H36,J36)+Profiles!$B$11*IF(K36="",H36,K36))+Profiles!$C$4*I36)/1000000+Profiles!$D$4*IF(L36="",0,L36)) | N36: =IF(OR(H36="",I36=""),"",(Profiles!$B$5*(Profiles!$B$10*H36+Profiles!$B$9*IF(J36="",H36,J36)+Profiles!$B$11*IF(K36="",H36,K36))+Profiles!$C$5*I36)/1000000+Profiles!$D$5*IF(L36="",0,L36)) | O36: =IF(OR(H36="",I36=""),"",(Profiles!$B$6*(Profiles!$B$10*H36+Profiles!$B$9*IF(J36="",H36,J36)+Profiles!$B$11*IF(K36="",H36,K36))+Profiles!$C$6*I36)/1000000+Profiles!$D$6*IF(L36="",0,L36)) | P36: =IF(OR(H36="",I36=""),"",(Profiles!$B$5*(Profiles!$B$10*H36+Profiles!$B$9*H36+Profiles!$B$11*H36)+Profiles!$C$5*I36)/1000000+Profiles!$D$5*IF(L36="",0,L36)) | Q36: 2026-07-09
A37: google/gemma-3-12b-it | B37: Google: Gemma 3 12B | D37: yes | E37: yes | F37: 131072 | H37: 0.05 | I37: 0.15 | M37: =IF(OR(H37="",I37=""),"",(Profiles!$B$4*(Profiles!$B$10*H37+Profiles!$B$9*IF(J37="",H37,J37)+Profiles!$B$11*IF(K37="",H37,K37))+Profiles!$C$4*I37)/1000000+Profiles!$D$4*IF(L37="",0,L37)) | N37: =IF(OR(H37="",I37=""),"",(Profiles!$B$5*(Profiles!$B$10*H37+Profiles!$B$9*IF(J37="",H37,J37)+Profiles!$B$11*IF(K37="",H37,K37))+Profiles!$C$5*I37)/1000000+Profiles!$D$5*IF(L37="",0,L37)) | O37: =IF(OR(H37="",I37=""),"",(Profiles!$B$6*(Profiles!$B$10*H37+Profiles!$B$9*IF(J37="",H37,J37)+Profiles!$B$11*IF(K37="",H37,K37))+Profiles!$C$6*I37)/1000000+Profiles!$D$6*IF(L37="",0,L37)) | P37: =IF(OR(H37="",I37=""),"",(Profiles!$B$5*(Profiles!$B$10*H37+Profiles!$B$9*H37+Profiles!$B$11*H37)+Profiles!$C$5*I37)/1000000+Profiles!$D$5*IF(L37="",0,L37)) | Q37: 2025-03-13
A38: google/gemini-3.1-flash-lite | B38: Google: Gemini 3.1 Flash Lite | D38: yes | E38: yes | F38: 1048576 | H38: 0.25 | I38: 1.5 | J38: 0.025 | K38: 0.083333333 | L38: 2.5e-07 | M38: =IF(OR(H38="",I38=""),"",(Profiles!$B$4*(Profiles!$B$10*H38+Profiles!$B$9*IF(J38="",H38,J38)+Profiles!$B$11*IF(K38="",H38,K38))+Profiles!$C$4*I38)/1000000+Profiles!$D$4*IF(L38="",0,L38)) | N38: =IF(OR(H38="",I38=""),"",(Profiles!$B$5*(Profiles!$B$10*H38+Profiles!$B$9*IF(J38="",H38,J38)+Profiles!$B$11*IF(K38="",H38,K38))+Profiles!$C$5*I38)/1000000+Profiles!$D$5*IF(L38="",0,L38)) | O38: =IF(OR(H38="",I38=""),"",(Profiles!$B$6*(Profiles!$B$10*H38+Profiles!$B$9*IF(J38="",H38,J38)+Profiles!$B$11*IF(K38="",H38,K38))+Profiles!$C$6*I38)/1000000+Profiles!$D$6*IF(L38="",0,L38)) | P38: =IF(OR(H38="",I38=""),"",(Profiles!$B$5*(Profiles!$B$10*H38+Profiles!$B$9*H38+Profiles!$B$11*H38)+Profiles!$C$5*I38)/1000000+Profiles!$D$5*IF(L38="",0,L38)) | Q38: 2026-05-07
A39: google/gemini-3.1-flash-lite-preview | B39: Google: Gemini 3.1 Flash Lite Preview | D39: yes | E39: yes | F39: 1048576 | H39: 0.25 | I39: 1.5 | J39: 0.025 | K39: 0.083333333 | L39: 2.5e-07 | M39: =IF(OR(H39="",I39=""),"",(Profiles!$B$4*(Profiles!$B$10*H39+Profiles!$B$9*IF(J39="",H39,J39)+Profiles!$B$11*IF(K39="",H39,K39))+Profiles!$C$4*I39)/1000000+Profiles!$D$4*IF(L39="",0,L39)) | N39: =IF(OR(H39="",I39=""),"",(Profiles!$B$5*(Profiles!$B$10*H39+Profiles!$B$9*IF(J39="",H39,J39)+Profiles!$B$11*IF(K39="",H39,K39))+Profiles!$C$5*I39)/1000000+Profiles!$D$5*IF(L39="",0,L39)) | O39: =IF(OR(H39="",I39=""),"",(Profiles!$B$6*(Profiles!$B$10*H39+Profiles!$B$9*IF(J39="",H39,J39)+Profiles!$B$11*IF(K39="",H39,K39))+Profiles!$C$6*I39)/1000000+Profiles!$D$6*IF(L39="",0,L39)) | P39: =IF(OR(H39="",I39=""),"",(Profiles!$B$5*(Profiles!$B$10*H39+Profiles!$B$9*H39+Profiles!$B$11*H39)+Profiles!$C$5*I39)/1000000+Profiles!$D$5*IF(L39="",0,L39)) | Q39: 2026-03-03
A40: xiaomi/mimo-v2.6-pro | B40: Xiaomi: MiMo-V2.6-Pro | C40: r18, r19 (via Go) | D40: yes | E40: yes | F40: 1050000 | H40: 0.435 | I40: 0.87 | J40: 0.0036 | M40: =IF(OR(H40="",I40=""),"",(Profiles!$B$4*(Profiles!$B$10*H40+Profiles!$B$9*IF(J40="",H40,J40)+Profiles!$B$11*IF(K40="",H40,K40))+Profiles!$C$4*I40)/1000000+Profiles!$D$4*IF(L40="",0,L40)) | N40: =IF(OR(H40="",I40=""),"",(Profiles!$B$5*(Profiles!$B$10*H40+Profiles!$B$9*IF(J40="",H40,J40)+Profiles!$B$11*IF(K40="",H40,K40))+Profiles!$C$5*I40)/1000000+Profiles!$D$5*IF(L40="",0,L40)) | O40: =IF(OR(H40="",I40=""),"",(Profiles!$B$6*(Profiles!$B$10*H40+Profiles!$B$9*IF(J40="",H40,J40)+Profiles!$B$11*IF(K40="",H40,K40))+Profiles!$C$6*I40)/1000000+Profiles!$D$6*IF(L40="",0,L40)) | P40: =IF(OR(H40="",I40=""),"",(Profiles!$B$5*(Profiles!$B$10*H40+Profiles!$B$9*H40+Profiles!$B$11*H40)+Profiles!$C$5*I40)/1000000+Profiles!$D$5*IF(L40="",0,L40)) | Q40: 2026-09-21
A41: google/gemma-4-26b-a4b-it | B41: Google: Gemma 4 26B A4B | D41: yes | E41: yes | F41: 262144 | H41: 0.09 | I41: 0.3 | J41: 0.05 | M41: =IF(OR(H41="",I41=""),"",(Profiles!$B$4*(Profiles!$B$10*H41+Profiles!$B$9*IF(J41="",H41,J41)+Profiles!$B$11*IF(K41="",H41,K41))+Profiles!$C$4*I41)/1000000+Profiles!$D$4*IF(L41="",0,L41)) | N41: =IF(OR(H41="",I41=""),"",(Profiles!$B$5*(Profiles!$B$10*H41+Profiles!$B$9*IF(J41="",H41,J41)+Profiles!$B$11*IF(K41="",H41,K41))+Profiles!$C$5*I41)/1000000+Profiles!$D$5*IF(L41="",0,L41)) | O41: =IF(OR(H41="",I41=""),"",(Profiles!$B$6*(Profiles!$B$10*H41+Profiles!$B$9*IF(J41="",H41,J41)+Profiles!$B$11*IF(K41="",H41,K41))+Profiles!$C$6*I41)/1000000+Profiles!$D$6*IF(L41="",0,L41)) | P41: =IF(OR(H41="",I41=""),"",(Profiles!$B$5*(Profiles!$B$10*H41+Profiles!$B$9*H41+Profiles!$B$11*H41)+Profiles!$C$5*I41)/1000000+Profiles!$D$5*IF(L41="",0,L41)) | Q41: 2026-04-03
A42: google/gemma-4-31b-it | B42: Google: Gemma 4 31B | D42: yes | E42: yes | F42: 262144 | H42: 0.09 | I42: 0.34 | J42: 0.05 | M42: =IF(OR(H42="",I42=""),"",(Profiles!$B$4*(Profiles!$B$10*H42+Profiles!$B$9*IF(J42="",H42,J42)+Profiles!$B$11*IF(K42="",H42,K42))+Profiles!$C$4*I42)/1000000+Profiles!$D$4*IF(L42="",0,L42)) | N42: =IF(OR(H42="",I42=""),"",(Profiles!$B$5*(Profiles!$B$10*H42+Profiles!$B$9*IF(J42="",H42,J42)+Profiles!$B$11*IF(K42="",H42,K42))+Profiles!$C$5*I42)/1000000+Profiles!$D$5*IF(L42="",0,L42)) | O42: =IF(OR(H42="",I42=""),"",(Profiles!$B$6*(Profiles!$B$10*H42+Profiles!$B$9*IF(J42="",H42,J42)+Profiles!$B$11*IF(K42="",H42,K42))+Profiles!$C$6*I42)/1000000+Profiles!$D$6*IF(L42="",0,L42)) | P42: =IF(OR(H42="",I42=""),"",(Profiles!$B$5*(Profiles!$B$10*H42+Profiles!$B$9*H42+Profiles!$B$11*H42)+Profiles!$C$5*I42)/1000000+Profiles!$D$5*IF(L42="",0,L42)) | Q42: 2026-04-02
A43: openai/gpt-5-mini | B43: OpenAI: GPT-5 Mini | D43: yes | E43: yes | F43: 400000 | H43: 0.25 | I43: 2 | J43: 0.025 | M43: =IF(OR(H43="",I43=""),"",(Profiles!$B$4*(Profiles!$B$10*H43+Profiles!$B$9*IF(J43="",H43,J43)+Profiles!$B$11*IF(K43="",H43,K43))+Profiles!$C$4*I43)/1000000+Profiles!$D$4*IF(L43="",0,L43)) | N43: =IF(OR(H43="",I43=""),"",(Profiles!$B$5*(Profiles!$B$10*H43+Profiles!$B$9*IF(J43="",H43,J43)+Profiles!$B$11*IF(K43="",H43,K43))+Profiles!$C$5*I43)/1000000+Profiles!$D$5*IF(L43="",0,L43)) | O43: =IF(OR(H43="",I43=""),"",(Profiles!$B$6*(Profiles!$B$10*H43+Profiles!$B$9*IF(J43="",H43,J43)+Profiles!$B$11*IF(K43="",H43,K43))+Profiles!$C$6*I43)/1000000+Profiles!$D$6*IF(L43="",0,L43)) | P43: =IF(OR(H43="",I43=""),"",(Profiles!$B$5*(Profiles!$B$10*H43+Profiles!$B$9*H43+Profiles!$B$11*H43)+Profiles!$C$5*I43)/1000000+Profiles!$D$5*IF(L43="",0,L43)) | Q43: 2025-08-07
A44: amazon/nova-lite-v1 | B44: Amazon: Nova Lite 1.0 | D44: yes | E44: yes | F44: 300000 | H44: 0.06 | I44: 0.24 | M44: =IF(OR(H44="",I44=""),"",(Profiles!$B$4*(Profiles!$B$10*H44+Profiles!$B$9*IF(J44="",H44,J44)+Profiles!$B$11*IF(K44="",H44,K44))+Profiles!$C$4*I44)/1000000+Profiles!$D$4*IF(L44="",0,L44)) | N44: =IF(OR(H44="",I44=""),"",(Profiles!$B$5*(Profiles!$B$10*H44+Profiles!$B$9*IF(J44="",H44,J44)+Profiles!$B$11*IF(K44="",H44,K44))+Profiles!$C$5*I44)/1000000+Profiles!$D$5*IF(L44="",0,L44)) | O44: =IF(OR(H44="",I44=""),"",(Profiles!$B$6*(Profiles!$B$10*H44+Profiles!$B$9*IF(J44="",H44,J44)+Profiles!$B$11*IF(K44="",H44,K44))+Profiles!$C$6*I44)/1000000+Profiles!$D$6*IF(L44="",0,L44)) | P44: =IF(OR(H44="",I44=""),"",(Profiles!$B$5*(Profiles!$B$10*H44+Profiles!$B$9*H44+Profiles!$B$11*H44)+Profiles!$C$5*I44)/1000000+Profiles!$D$5*IF(L44="",0,L44)) | Q44: 2024-12-05
A45: stepfun/step-3.7-flash | B45: StepFun: Step 3.7 Flash | D45: yes | E45: yes | F45: 262144 | H45: 0.2 | I45: 1.15 | J45: 0.04 | M45: =IF(OR(H45="",I45=""),"",(Profiles!$B$4*(Profiles!$B$10*H45+Profiles!$B$9*IF(J45="",H45,J45)+Profiles!$B$11*IF(K45="",H45,K45))+Profiles!$C$4*I45)/1000000+Profiles!$D$4*IF(L45="",0,L45)) | N45: =IF(OR(H45="",I45=""),"",(Profiles!$B$5*(Profiles!$B$10*H45+Profiles!$B$9*IF(J45="",H45,J45)+Profiles!$B$11*IF(K45="",H45,K45))+Profiles!$C$5*I45)/1000000+Profiles!$D$5*IF(L45="",0,L45)) | O45: =IF(OR(H45="",I45=""),"",(Profiles!$B$6*(Profiles!$B$10*H45+Profiles!$B$9*IF(J45="",H45,J45)+Profiles!$B$11*IF(K45="",H45,K45))+Profiles!$C$6*I45)/1000000+Profiles!$D$6*IF(L45="",0,L45)) | P45: =IF(OR(H45="",I45=""),"",(Profiles!$B$5*(Profiles!$B$10*H45+Profiles!$B$9*H45+Profiles!$B$11*H45)+Profiles!$C$5*I45)/1000000+Profiles!$D$5*IF(L45="",0,L45)) | Q45: 2026-05-28
A46: openai/gpt-5.1-codex-mini | B46: OpenAI: GPT-5.1-Codex-Mini | D46: yes | E46: yes | F46: 400000 | H46: 0.25 | I46: 2 | J46: 0.03 | M46: =IF(OR(H46="",I46=""),"",(Profiles!$B$4*(Profiles!$B$10*H46+Profiles!$B$9*IF(J46="",H46,J46)+Profiles!$B$11*IF(K46="",H46,K46))+Profiles!$C$4*I46)/1000000+Profiles!$D$4*IF(L46="",0,L46)) | N46: =IF(OR(H46="",I46=""),"",(Profiles!$B$5*(Profiles!$B$10*H46+Profiles!$B$9*IF(J46="",H46,J46)+Profiles!$B$11*IF(K46="",H46,K46))+Profiles!$C$5*I46)/1000000+Profiles!$D$5*IF(L46="",0,L46)) | O46: =IF(OR(H46="",I46=""),"",(Profiles!$B$6*(Profiles!$B$10*H46+Profiles!$B$9*IF(J46="",H46,J46)+Profiles!$B$11*IF(K46="",H46,K46))+Profiles!$C$6*I46)/1000000+Profiles!$D$6*IF(L46="",0,L46)) | P46: =IF(OR(H46="",I46=""),"",(Profiles!$B$5*(Profiles!$B$10*H46+Profiles!$B$9*H46+Profiles!$B$11*H46)+Profiles!$C$5*I46)/1000000+Profiles!$D$5*IF(L46="",0,L46)) | Q46: 2025-11-13
A47: qwen/qwen3.5-flash-02-23 | B47: Qwen: Qwen3.5-Flash | D47: yes | E47: yes | F47: 1000000 | H47: 0.065 | I47: 0.26 | M47: =IF(OR(H47="",I47=""),"",(Profiles!$B$4*(Profiles!$B$10*H47+Profiles!$B$9*IF(J47="",H47,J47)+Profiles!$B$11*IF(K47="",H47,K47))+Profiles!$C$4*I47)/1000000+Profiles!$D$4*IF(L47="",0,L47)) | N47: =IF(OR(H47="",I47=""),"",(Profiles!$B$5*(Profiles!$B$10*H47+Profiles!$B$9*IF(J47="",H47,J47)+Profiles!$B$11*IF(K47="",H47,K47))+Profiles!$C$5*I47)/1000000+Profiles!$D$5*IF(L47="",0,L47)) | O47: =IF(OR(H47="",I47=""),"",(Profiles!$B$6*(Profiles!$B$10*H47+Profiles!$B$9*IF(J47="",H47,J47)+Profiles!$B$11*IF(K47="",H47,K47))+Profiles!$C$6*I47)/1000000+Profiles!$D$6*IF(L47="",0,L47)) | P47: =IF(OR(H47="",I47=""),"",(Profiles!$B$5*(Profiles!$B$10*H47+Profiles!$B$9*H47+Profiles!$B$11*H47)+Profiles!$C$5*I47)/1000000+Profiles!$D$5*IF(L47="",0,L47)) | Q47: 2026-02-25
A48: qwen/qwen3.6-35b-a3b | B48: Qwen: Qwen3.6 35B A3B | D48: yes | E48: yes | F48: 262144 | H48: 0.15 | I48: 1 | J48: 0.05 | M48: =IF(OR(H48="",I48=""),"",(Profiles!$B$4*(Profiles!$B$10*H48+Profiles!$B$9*IF(J48="",H48,J48)+Profiles!$B$11*IF(K48="",H48,K48))+Profiles!$C$4*I48)/1000000+Profiles!$D$4*IF(L48="",0,L48)) | N48: =IF(OR(H48="",I48=""),"",(Profiles!$B$5*(Profiles!$B$10*H48+Profiles!$B$9*IF(J48="",H48,J48)+Profiles!$B$11*IF(K48="",H48,K48))+Profiles!$C$5*I48)/1000000+Profiles!$D$5*IF(L48="",0,L48)) | O48: =IF(OR(H48="",I48=""),"",(Profiles!$B$6*(Profiles!$B$10*H48+Profiles!$B$9*IF(J48="",H48,J48)+Profiles!$B$11*IF(K48="",H48,K48))+Profiles!$C$6*I48)/1000000+Profiles!$D$6*IF(L48="",0,L48)) | P48: =IF(OR(H48="",I48=""),"",(Profiles!$B$5*(Profiles!$B$10*H48+Profiles!$B$9*H48+Profiles!$B$11*H48)+Profiles!$C$5*I48)/1000000+Profiles!$D$5*IF(L48="",0,L48)) | Q48: 2026-04-27
A49: google/gemini-3.5-flash-lite | B49: Google: Gemini 3.5 Flash Lite | D49: yes | E49: yes | F49: 1048576 | H49: 0.3 | I49: 2.5 | J49: 0.03 | K49: 0.083333333 | L49: 3e-07 | M49: =IF(OR(H49="",I49=""),"",(Profiles!$B$4*(Profiles!$B$10*H49+Profiles!$B$9*IF(J49="",H49,J49)+Profiles!$B$11*IF(K49="",H49,K49))+Profiles!$C$4*I49)/1000000+Profiles!$D$4*IF(L49="",0,L49)) | N49: =IF(OR(H49="",I49=""),"",(Profiles!$B$5*(Profiles!$B$10*H49+Profiles!$B$9*IF(J49="",H49,J49)+Profiles!$B$11*IF(K49="",H49,K49))+Profiles!$C$5*I49)/1000000+Profiles!$D$5*IF(L49="",0,L49)) | O49: =IF(OR(H49="",I49=""),"",(Profiles!$B$6*(Profiles!$B$10*H49+Profiles!$B$9*IF(J49="",H49,J49)+Profiles!$B$11*IF(K49="",H49,K49))+Profiles!$C$6*I49)/1000000+Profiles!$D$6*IF(L49="",0,L49)) | P49: =IF(OR(H49="",I49=""),"",(Profiles!$B$5*(Profiles!$B$10*H49+Profiles!$B$9*H49+Profiles!$B$11*H49)+Profiles!$C$5*I49)/1000000+Profiles!$D$5*IF(L49="",0,L49)) | Q49: 2026-07-21
A50: google/gemini-2.5-flash | B50: Google: Gemini 2.5 Flash | D50: yes | E50: yes | F50: 1048576 | H50: 0.3 | I50: 2.5 | J50: 0.03 | K50: 0.083333333 | L50: 3e-07 | M50: =IF(OR(H50="",I50=""),"",(Profiles!$B$4*(Profiles!$B$10*H50+Profiles!$B$9*IF(J50="",H50,J50)+Profiles!$B$11*IF(K50="",H50,K50))+Profiles!$C$4*I50)/1000000+Profiles!$D$4*IF(L50="",0,L50)) | N50: =IF(OR(H50="",I50=""),"",(Profiles!$B$5*(Profiles!$B$10*H50+Profiles!$B$9*IF(J50="",H50,J50)+Profiles!$B$11*IF(K50="",H50,K50))+Profiles!$C$5*I50)/1000000+Profiles!$D$5*IF(L50="",0,L50)) | O50: =IF(OR(H50="",I50=""),"",(Profiles!$B$6*(Profiles!$B$10*H50+Profiles!$B$9*IF(J50="",H50,J50)+Profiles!$B$11*IF(K50="",H50,K50))+Profiles!$C$6*I50)/1000000+Profiles!$D$6*IF(L50="",0,L50)) | P50: =IF(OR(H50="",I50=""),"",(Profiles!$B$5*(Profiles!$B$10*H50+Profiles!$B$9*H50+Profiles!$B$11*H50)+Profiles!$C$5*I50)/1000000+Profiles!$D$5*IF(L50="",0,L50)) | Q50: 2025-06-17 | R50: 2026-10-20
A51: deepseek/deepseek-v4-flash-vision-exp | B51: DeepSeek: DeepSeek V4 Flash Vision Exp | D51: yes | E51: yes | F51: 1048576 | H51: 0.44 | I51: 1.32 | J51: 0.014 | M51: =IF(OR(H51="",I51=""),"",(Profiles!$B$4*(Profiles!$B$10*H51+Profiles!$B$9*IF(J51="",H51,J51)+Profiles!$B$11*IF(K51="",H51,K51))+Profiles!$C$4*I51)/1000000+Profiles!$D$4*IF(L51="",0,L51)) | N51: =IF(OR(H51="",I51=""),"",(Profiles!$B$5*(Profiles!$B$10*H51+Profiles!$B$9*IF(J51="",H51,J51)+Profiles!$B$11*IF(K51="",H51,K51))+Profiles!$C$5*I51)/1000000+Profiles!$D$5*IF(L51="",0,L51)) | O51: =IF(OR(H51="",I51=""),"",(Profiles!$B$6*(Profiles!$B$10*H51+Profiles!$B$9*IF(J51="",H51,J51)+Profiles!$B$11*IF(K51="",H51,K51))+Profiles!$C$6*I51)/1000000+Profiles!$D$6*IF(L51="",0,L51)) | P51: =IF(OR(H51="",I51=""),"",(Profiles!$B$5*(Profiles!$B$10*H51+Profiles!$B$9*H51+Profiles!$B$11*H51)+Profiles!$C$5*I51)/1000000+Profiles!$D$5*IF(L51="",0,L51)) | Q51: 2026-08-21
A52: meta/muse-glimmer-30b | B52: Meta: Muse Glimmer 30B | D52: yes | E52: yes | F52: 131072 | H52: 0.3 | I52: 1.2 | J52: 0.04 | M52: =IF(OR(H52="",I52=""),"",(Profiles!$B$4*(Profiles!$B$10*H52+Profiles!$B$9*IF(J52="",H52,J52)+Profiles!$B$11*IF(K52="",H52,K52))+Profiles!$C$4*I52)/1000000+Profiles!$D$4*IF(L52="",0,L52)) | N52: =IF(OR(H52="",I52=""),"",(Profiles!$B$5*(Profiles!$B$10*H52+Profiles!$B$9*IF(J52="",H52,J52)+Profiles!$B$11*IF(K52="",H52,K52))+Profiles!$C$5*I52)/1000000+Profiles!$D$5*IF(L52="",0,L52)) | O52: =IF(OR(H52="",I52=""),"",(Profiles!$B$6*(Profiles!$B$10*H52+Profiles!$B$9*IF(J52="",H52,J52)+Profiles!$B$11*IF(K52="",H52,K52))+Profiles!$C$6*I52)/1000000+Profiles!$D$6*IF(L52="",0,L52)) | P52: =IF(OR(H52="",I52=""),"",(Profiles!$B$5*(Profiles!$B$10*H52+Profiles!$B$9*H52+Profiles!$B$11*H52)+Profiles!$C$5*I52)/1000000+Profiles!$D$5*IF(L52="",0,L52)) | Q52: 2026-08-09
A53: bytedance-seed/seed-1.6-flash | B53: ByteDance Seed: Seed 1.6 Flash | D53: yes | E53: yes | F53: 262144 | H53: 0.075 | I53: 0.3 | M53: =IF(OR(H53="",I53=""),"",(Profiles!$B$4*(Profiles!$B$10*H53+Profiles!$B$9*IF(J53="",H53,J53)+Profiles!$B$11*IF(K53="",H53,K53))+Profiles!$C$4*I53)/1000000+Profiles!$D$4*IF(L53="",0,L53)) | N53: =IF(OR(H53="",I53=""),"",(Profiles!$B$5*(Profiles!$B$10*H53+Profiles!$B$9*IF(J53="",H53,J53)+Profiles!$B$11*IF(K53="",H53,K53))+Profiles!$C$5*I53)/1000000+Profiles!$D$5*IF(L53="",0,L53)) | O53: =IF(OR(H53="",I53=""),"",(Profiles!$B$6*(Profiles!$B$10*H53+Profiles!$B$9*IF(J53="",H53,J53)+Profiles!$B$11*IF(K53="",H53,K53))+Profiles!$C$6*I53)/1000000+Profiles!$D$6*IF(L53="",0,L53)) | P53: =IF(OR(H53="",I53=""),"",(Profiles!$B$5*(Profiles!$B$10*H53+Profiles!$B$9*H53+Profiles!$B$11*H53)+Profiles!$C$5*I53)/1000000+Profiles!$D$5*IF(L53="",0,L53)) | Q53: 2025-12-23 | R53: 2026-11-11
A54: prism-ml/ternary-bonsai-2-27b | B54: PrismML: Ternary Bonsai 2 27B | D54: yes | E54: yes | F54: 262144 | H54: 0.075 | I54: 0.5 | M54: =IF(OR(H54="",I54=""),"",(Profiles!$B$4*(Profiles!$B$10*H54+Profiles!$B$9*IF(J54="",H54,J54)+Profiles!$B$11*IF(K54="",H54,K54))+Profiles!$C$4*I54)/1000000+Profiles!$D$4*IF(L54="",0,L54)) | N54: =IF(OR(H54="",I54=""),"",(Profiles!$B$5*(Profiles!$B$10*H54+Profiles!$B$9*IF(J54="",H54,J54)+Profiles!$B$11*IF(K54="",H54,K54))+Profiles!$C$5*I54)/1000000+Profiles!$D$5*IF(L54="",0,L54)) | O54: =IF(OR(H54="",I54=""),"",(Profiles!$B$6*(Profiles!$B$10*H54+Profiles!$B$9*IF(J54="",H54,J54)+Profiles!$B$11*IF(K54="",H54,K54))+Profiles!$C$6*I54)/1000000+Profiles!$D$6*IF(L54="",0,L54)) | P54: =IF(OR(H54="",I54=""),"",(Profiles!$B$5*(Profiles!$B$10*H54+Profiles!$B$9*H54+Profiles!$B$11*H54)+Profiles!$C$5*I54)/1000000+Profiles!$D$5*IF(L54="",0,L54)) | Q54: 2026-09-18
A55: openai/gpt-4o-mini | B55: OpenAI: GPT-4o-mini | D55: yes | E55: yes | F55: 128000 | H55: 0.15 | I55: 0.6 | J55: 0.075 | M55: =IF(OR(H55="",I55=""),"",(Profiles!$B$4*(Profiles!$B$10*H55+Profiles!$B$9*IF(J55="",H55,J55)+Profiles!$B$11*IF(K55="",H55,K55))+Profiles!$C$4*I55)/1000000+Profiles!$D$4*IF(L55="",0,L55)) | N55: =IF(OR(H55="",I55=""),"",(Profiles!$B$5*(Profiles!$B$10*H55+Profiles!$B$9*IF(J55="",H55,J55)+Profiles!$B$11*IF(K55="",H55,K55))+Profiles!$C$5*I55)/1000000+Profiles!$D$5*IF(L55="",0,L55)) | O55: =IF(OR(H55="",I55=""),"",(Profiles!$B$6*(Profiles!$B$10*H55+Profiles!$B$9*IF(J55="",H55,J55)+Profiles!$B$11*IF(K55="",H55,K55))+Profiles!$C$6*I55)/1000000+Profiles!$D$6*IF(L55="",0,L55)) | P55: =IF(OR(H55="",I55=""),"",(Profiles!$B$5*(Profiles!$B$10*H55+Profiles!$B$9*H55+Profiles!$B$11*H55)+Profiles!$C$5*I55)/1000000+Profiles!$D$5*IF(L55="",0,L55)) | Q55: 2024-07-18
A56: openai/gpt-4o-mini-2024-07-18 | B56: OpenAI: GPT-4o-mini (2024-07-18) | D56: yes | E56: yes | F56: 128000 | H56: 0.15 | I56: 0.6 | J56: 0.075 | M56: =IF(OR(H56="",I56=""),"",(Profiles!$B$4*(Profiles!$B$10*H56+Profiles!$B$9*IF(J56="",H56,J56)+Profiles!$B$11*IF(K56="",H56,K56))+Profiles!$C$4*I56)/1000000+Profiles!$D$4*IF(L56="",0,L56)) | N56: =IF(OR(H56="",I56=""),"",(Profiles!$B$5*(Profiles!$B$10*H56+Profiles!$B$9*IF(J56="",H56,J56)+Profiles!$B$11*IF(K56="",H56,K56))+Profiles!$C$5*I56)/1000000+Profiles!$D$5*IF(L56="",0,L56)) | O56: =IF(OR(H56="",I56=""),"",(Profiles!$B$6*(Profiles!$B$10*H56+Profiles!$B$9*IF(J56="",H56,J56)+Profiles!$B$11*IF(K56="",H56,K56))+Profiles!$C$6*I56)/1000000+Profiles!$D$6*IF(L56="",0,L56)) | P56: =IF(OR(H56="",I56=""),"",(Profiles!$B$5*(Profiles!$B$10*H56+Profiles!$B$9*H56+Profiles!$B$11*H56)+Profiles!$C$5*I56)/1000000+Profiles!$D$5*IF(L56="",0,L56)) | Q56: 2024-07-18
A57: z-ai/glm-4.6v | B57: Z.ai: GLM 4.6V | D57: yes | E57: yes | F57: 131072 | H57: 0.3 | I57: 0.9 | J57: 0.055 | M57: =IF(OR(H57="",I57=""),"",(Profiles!$B$4*(Profiles!$B$10*H57+Profiles!$B$9*IF(J57="",H57,J57)+Profiles!$B$11*IF(K57="",H57,K57))+Profiles!$C$4*I57)/1000000+Profiles!$D$4*IF(L57="",0,L57)) | N57: =IF(OR(H57="",I57=""),"",(Profiles!$B$5*(Profiles!$B$10*H57+Profiles!$B$9*IF(J57="",H57,J57)+Profiles!$B$11*IF(K57="",H57,K57))+Profiles!$C$5*I57)/1000000+Profiles!$D$5*IF(L57="",0,L57)) | O57: =IF(OR(H57="",I57=""),"",(Profiles!$B$6*(Profiles!$B$10*H57+Profiles!$B$9*IF(J57="",H57,J57)+Profiles!$B$11*IF(K57="",H57,K57))+Profiles!$C$6*I57)/1000000+Profiles!$D$6*IF(L57="",0,L57)) | P57: =IF(OR(H57="",I57=""),"",(Profiles!$B$5*(Profiles!$B$10*H57+Profiles!$B$9*H57+Profiles!$B$11*H57)+Profiles!$C$5*I57)/1000000+Profiles!$D$5*IF(L57="",0,L57)) | Q57: 2025-12-08
A58: mistralai/mistral-medium-3.1 | B58: Mistral: Mistral Medium 3.1 | D58: yes | E58: yes | F58: 131072 | H58: 0.4 | I58: 2 | J58: 0.04 | M58: =IF(OR(H58="",I58=""),"",(Profiles!$B$4*(Profiles!$B$10*H58+Profiles!$B$9*IF(J58="",H58,J58)+Profiles!$B$11*IF(K58="",H58,K58))+Profiles!$C$4*I58)/1000000+Profiles!$D$4*IF(L58="",0,L58)) | N58: =IF(OR(H58="",I58=""),"",(Profiles!$B$5*(Profiles!$B$10*H58+Profiles!$B$9*IF(J58="",H58,J58)+Profiles!$B$11*IF(K58="",H58,K58))+Profiles!$C$5*I58)/1000000+Profiles!$D$5*IF(L58="",0,L58)) | O58: =IF(OR(H58="",I58=""),"",(Profiles!$B$6*(Profiles!$B$10*H58+Profiles!$B$9*IF(J58="",H58,J58)+Profiles!$B$11*IF(K58="",H58,K58))+Profiles!$C$6*I58)/1000000+Profiles!$D$6*IF(L58="",0,L58)) | P58: =IF(OR(H58="",I58=""),"",(Profiles!$B$5*(Profiles!$B$10*H58+Profiles!$B$9*H58+Profiles!$B$11*H58)+Profiles!$C$5*I58)/1000000+Profiles!$D$5*IF(L58="",0,L58)) | Q58: 2025-08-13
A59: mistralai/mistral-medium-3 | B59: Mistral: Mistral Medium 3 | D59: yes | E59: yes | F59: 131072 | H59: 0.4 | I59: 2 | J59: 0.04 | M59: =IF(OR(H59="",I59=""),"",(Profiles!$B$4*(Profiles!$B$10*H59+Profiles!$B$9*IF(J59="",H59,J59)+Profiles!$B$11*IF(K59="",H59,K59))+Profiles!$C$4*I59)/1000000+Profiles!$D$4*IF(L59="",0,L59)) | N59: =IF(OR(H59="",I59=""),"",(Profiles!$B$5*(Profiles!$B$10*H59+Profiles!$B$9*IF(J59="",H59,J59)+Profiles!$B$11*IF(K59="",H59,K59))+Profiles!$C$5*I59)/1000000+Profiles!$D$5*IF(L59="",0,L59)) | O59: =IF(OR(H59="",I59=""),"",(Profiles!$B$6*(Profiles!$B$10*H59+Profiles!$B$9*IF(J59="",H59,J59)+Profiles!$B$11*IF(K59="",H59,K59))+Profiles!$C$6*I59)/1000000+Profiles!$D$6*IF(L59="",0,L59)) | P59: =IF(OR(H59="",I59=""),"",(Profiles!$B$5*(Profiles!$B$10*H59+Profiles!$B$9*H59+Profiles!$B$11*H59)+Profiles!$C$5*I59)/1000000+Profiles!$D$5*IF(L59="",0,L59)) | Q59: 2025-05-07
A60: minimax/minimax-m3 | B60: MiniMax: MiniMax M3 | D60: yes | E60: yes | F60: 1048576 | H60: 0.3 | I60: 1.2 | J60: 0.06 | M60: =IF(OR(H60="",I60=""),"",(Profiles!$B$4*(Profiles!$B$10*H60+Profiles!$B$9*IF(J60="",H60,J60)+Profiles!$B$11*IF(K60="",H60,K60))+Profiles!$C$4*I60)/1000000+Profiles!$D$4*IF(L60="",0,L60)) | N60: =IF(OR(H60="",I60=""),"",(Profiles!$B$5*(Profiles!$B$10*H60+Profiles!$B$9*IF(J60="",H60,J60)+Profiles!$B$11*IF(K60="",H60,K60))+Profiles!$C$5*I60)/1000000+Profiles!$D$5*IF(L60="",0,L60)) | O60: =IF(OR(H60="",I60=""),"",(Profiles!$B$6*(Profiles!$B$10*H60+Profiles!$B$9*IF(J60="",H60,J60)+Profiles!$B$11*IF(K60="",H60,K60))+Profiles!$C$6*I60)/1000000+Profiles!$D$6*IF(L60="",0,L60)) | P60: =IF(OR(H60="",I60=""),"",(Profiles!$B$5*(Profiles!$B$10*H60+Profiles!$B$9*H60+Profiles!$B$11*H60)+Profiles!$C$5*I60)/1000000+Profiles!$D$5*IF(L60="",0,L60)) | Q60: 2026-05-31
A61: mistralai/mistral-small-3.2-24b-instruct | B61: Mistral: Mistral Small 3.2 24B | D61: yes | E61: yes | F61: 256000 | H61: 0.09375 | I61: 0.25 | M61: =IF(OR(H61="",I61=""),"",(Profiles!$B$4*(Profiles!$B$10*H61+Profiles!$B$9*IF(J61="",H61,J61)+Profiles!$B$11*IF(K61="",H61,K61))+Profiles!$C$4*I61)/1000000+Profiles!$D$4*IF(L61="",0,L61)) | N61: =IF(OR(H61="",I61=""),"",(Profiles!$B$5*(Profiles!$B$10*H61+Profiles!$B$9*IF(J61="",H61,J61)+Profiles!$B$11*IF(K61="",H61,K61))+Profiles!$C$5*I61)/1000000+Profiles!$D$5*IF(L61="",0,L61)) | O61: =IF(OR(H61="",I61=""),"",(Profiles!$B$6*(Profiles!$B$10*H61+Profiles!$B$9*IF(J61="",H61,J61)+Profiles!$B$11*IF(K61="",H61,K61))+Profiles!$C$6*I61)/1000000+Profiles!$D$6*IF(L61="",0,L61)) | P61: =IF(OR(H61="",I61=""),"",(Profiles!$B$5*(Profiles!$B$10*H61+Profiles!$B$9*H61+Profiles!$B$11*H61)+Profiles!$C$5*I61)/1000000+Profiles!$D$5*IF(L61="",0,L61)) | Q61: 2025-06-20
A62: rekaai/reka-edge | B62: Reka Edge | D62: yes | E62: yes | F62: 16384 | H62: 0.1 | I62: 0.1 | M62: =IF(OR(H62="",I62=""),"",(Profiles!$B$4*(Profiles!$B$10*H62+Profiles!$B$9*IF(J62="",H62,J62)+Profiles!$B$11*IF(K62="",H62,K62))+Profiles!$C$4*I62)/1000000+Profiles!$D$4*IF(L62="",0,L62)) | N62: =IF(OR(H62="",I62=""),"",(Profiles!$B$5*(Profiles!$B$10*H62+Profiles!$B$9*IF(J62="",H62,J62)+Profiles!$B$11*IF(K62="",H62,K62))+Profiles!$C$5*I62)/1000000+Profiles!$D$5*IF(L62="",0,L62)) | O62: =IF(OR(H62="",I62=""),"",(Profiles!$B$6*(Profiles!$B$10*H62+Profiles!$B$9*IF(J62="",H62,J62)+Profiles!$B$11*IF(K62="",H62,K62))+Profiles!$C$6*I62)/1000000+Profiles!$D$6*IF(L62="",0,L62)) | P62: =IF(OR(H62="",I62=""),"",(Profiles!$B$5*(Profiles!$B$10*H62+Profiles!$B$9*H62+Profiles!$B$11*H62)+Profiles!$C$5*I62)/1000000+Profiles!$D$5*IF(L62="",0,L62)) | Q62: 2026-03-20
A63: qwen/qwen3.5-9b | B63: Qwen: Qwen3.5-9B | D63: yes | E63: yes | F63: 262144 | H63: 0.1 | I63: 0.15 | M63: =IF(OR(H63="",I63=""),"",(Profiles!$B$4*(Profiles!$B$10*H63+Profiles!$B$9*IF(J63="",H63,J63)+Profiles!$B$11*IF(K63="",H63,K63))+Profiles!$C$4*I63)/1000000+Profiles!$D$4*IF(L63="",0,L63)) | N63: =IF(OR(H63="",I63=""),"",(Profiles!$B$5*(Profiles!$B$10*H63+Profiles!$B$9*IF(J63="",H63,J63)+Profiles!$B$11*IF(K63="",H63,K63))+Profiles!$C$5*I63)/1000000+Profiles!$D$5*IF(L63="",0,L63)) | O63: =IF(OR(H63="",I63=""),"",(Profiles!$B$6*(Profiles!$B$10*H63+Profiles!$B$9*IF(J63="",H63,J63)+Profiles!$B$11*IF(K63="",H63,K63))+Profiles!$C$6*I63)/1000000+Profiles!$D$6*IF(L63="",0,L63)) | P63: =IF(OR(H63="",I63=""),"",(Profiles!$B$5*(Profiles!$B$10*H63+Profiles!$B$9*H63+Profiles!$B$11*H63)+Profiles!$C$5*I63)/1000000+Profiles!$D$5*IF(L63="",0,L63)) | Q63: 2026-03-10
A64: qwen/qwen3.7-plus | B64: Qwen: Qwen3.7 Plus | D64: yes | E64: yes | F64: 1000000 | H64: 0.32 | I64: 1.28 | J64: 0.064 | K64: 0.4 | M64: =IF(OR(H64="",I64=""),"",(Profiles!$B$4*(Profiles!$B$10*H64+Profiles!$B$9*IF(J64="",H64,J64)+Profiles!$B$11*IF(K64="",H64,K64))+Profiles!$C$4*I64)/1000000+Profiles!$D$4*IF(L64="",0,L64)) | N64: =IF(OR(H64="",I64=""),"",(Profiles!$B$5*(Profiles!$B$10*H64+Profiles!$B$9*IF(J64="",H64,J64)+Profiles!$B$11*IF(K64="",H64,K64))+Profiles!$C$5*I64)/1000000+Profiles!$D$5*IF(L64="",0,L64)) | O64: =IF(OR(H64="",I64=""),"",(Profiles!$B$6*(Profiles!$B$10*H64+Profiles!$B$9*IF(J64="",H64,J64)+Profiles!$B$11*IF(K64="",H64,K64))+Profiles!$C$6*I64)/1000000+Profiles!$D$6*IF(L64="",0,L64)) | P64: =IF(OR(H64="",I64=""),"",(Profiles!$B$5*(Profiles!$B$10*H64+Profiles!$B$9*H64+Profiles!$B$11*H64)+Profiles!$C$5*I64)/1000000+Profiles!$D$5*IF(L64="",0,L64)) | Q64: 2026-06-03
A65: meta-llama/llama-4-scout | B65: Meta: Llama 4 Scout | D65: yes | E65: yes | F65: 1310720 | H65: 0.1 | I65: 0.3 | M65: =IF(OR(H65="",I65=""),"",(Profiles!$B$4*(Profiles!$B$10*H65+Profiles!$B$9*IF(J65="",H65,J65)+Profiles!$B$11*IF(K65="",H65,K65))+Profiles!$C$4*I65)/1000000+Profiles!$D$4*IF(L65="",0,L65)) | N65: =IF(OR(H65="",I65=""),"",(Profiles!$B$5*(Profiles!$B$10*H65+Profiles!$B$9*IF(J65="",H65,J65)+Profiles!$B$11*IF(K65="",H65,K65))+Profiles!$C$5*I65)/1000000+Profiles!$D$5*IF(L65="",0,L65)) | O65: =IF(OR(H65="",I65=""),"",(Profiles!$B$6*(Profiles!$B$10*H65+Profiles!$B$9*IF(J65="",H65,J65)+Profiles!$B$11*IF(K65="",H65,K65))+Profiles!$C$6*I65)/1000000+Profiles!$D$6*IF(L65="",0,L65)) | P65: =IF(OR(H65="",I65=""),"",(Profiles!$B$5*(Profiles!$B$10*H65+Profiles!$B$9*H65+Profiles!$B$11*H65)+Profiles!$C$5*I65)/1000000+Profiles!$D$5*IF(L65="",0,L65)) | Q65: 2025-04-05
A66: bytedance-seed/seed-2.0-mini | B66: ByteDance Seed: Seed-2.0-Mini | D66: yes | E66: yes | F66: 262144 | H66: 0.1 | I66: 0.4 | M66: =IF(OR(H66="",I66=""),"",(Profiles!$B$4*(Profiles!$B$10*H66+Profiles!$B$9*IF(J66="",H66,J66)+Profiles!$B$11*IF(K66="",H66,K66))+Profiles!$C$4*I66)/1000000+Profiles!$D$4*IF(L66="",0,L66)) | N66: =IF(OR(H66="",I66=""),"",(Profiles!$B$5*(Profiles!$B$10*H66+Profiles!$B$9*IF(J66="",H66,J66)+Profiles!$B$11*IF(K66="",H66,K66))+Profiles!$C$5*I66)/1000000+Profiles!$D$5*IF(L66="",0,L66)) | O66: =IF(OR(H66="",I66=""),"",(Profiles!$B$6*(Profiles!$B$10*H66+Profiles!$B$9*IF(J66="",H66,J66)+Profiles!$B$11*IF(K66="",H66,K66))+Profiles!$C$6*I66)/1000000+Profiles!$D$6*IF(L66="",0,L66)) | P66: =IF(OR(H66="",I66=""),"",(Profiles!$B$5*(Profiles!$B$10*H66+Profiles!$B$9*H66+Profiles!$B$11*H66)+Profiles!$C$5*I66)/1000000+Profiles!$D$5*IF(L66="",0,L66)) | Q66: 2026-02-26
A67: google/gemini-3-flash-preview | B67: Google: Gemini 3 Flash Preview | D67: yes | E67: yes | F67: 1048576 | H67: 0.5 | I67: 3 | J67: 0.05 | K67: 0.083333333 | L67: 5e-07 | M67: =IF(OR(H67="",I67=""),"",(Profiles!$B$4*(Profiles!$B$10*H67+Profiles!$B$9*IF(J67="",H67,J67)+Profiles!$B$11*IF(K67="",H67,K67))+Profiles!$C$4*I67)/1000000+Profiles!$D$4*IF(L67="",0,L67)) | N67: =IF(OR(H67="",I67=""),"",(Profiles!$B$5*(Profiles!$B$10*H67+Profiles!$B$9*IF(J67="",H67,J67)+Profiles!$B$11*IF(K67="",H67,K67))+Profiles!$C$5*I67)/1000000+Profiles!$D$5*IF(L67="",0,L67)) | O67: =IF(OR(H67="",I67=""),"",(Profiles!$B$6*(Profiles!$B$10*H67+Profiles!$B$9*IF(J67="",H67,J67)+Profiles!$B$11*IF(K67="",H67,K67))+Profiles!$C$6*I67)/1000000+Profiles!$D$6*IF(L67="",0,L67)) | P67: =IF(OR(H67="",I67=""),"",(Profiles!$B$5*(Profiles!$B$10*H67+Profiles!$B$9*H67+Profiles!$B$11*H67)+Profiles!$C$5*I67)/1000000+Profiles!$D$5*IF(L67="",0,L67)) | Q67: 2025-12-17
A68: qwen/qwen3-vl-32b-instruct | B68: Qwen: Qwen3 VL 32B Instruct | D68: yes | E68: yes | F68: 131072 | H68: 0.104 | I68: 0.416 | M68: =IF(OR(H68="",I68=""),"",(Profiles!$B$4*(Profiles!$B$10*H68+Profiles!$B$9*IF(J68="",H68,J68)+Profiles!$B$11*IF(K68="",H68,K68))+Profiles!$C$4*I68)/1000000+Profiles!$D$4*IF(L68="",0,L68)) | N68: =IF(OR(H68="",I68=""),"",(Profiles!$B$5*(Profiles!$B$10*H68+Profiles!$B$9*IF(J68="",H68,J68)+Profiles!$B$11*IF(K68="",H68,K68))+Profiles!$C$5*I68)/1000000+Profiles!$D$5*IF(L68="",0,L68)) | O68: =IF(OR(H68="",I68=""),"",(Profiles!$B$6*(Profiles!$B$10*H68+Profiles!$B$9*IF(J68="",H68,J68)+Profiles!$B$11*IF(K68="",H68,K68))+Profiles!$C$6*I68)/1000000+Profiles!$D$6*IF(L68="",0,L68)) | P68: =IF(OR(H68="",I68=""),"",(Profiles!$B$5*(Profiles!$B$10*H68+Profiles!$B$9*H68+Profiles!$B$11*H68)+Profiles!$C$5*I68)/1000000+Profiles!$D$5*IF(L68="",0,L68)) | Q68: 2025-10-23 | R68: 2026-10-09
A69: mistralai/mistral-large-2512 | B69: Mistral: Mistral Large 3 2512 | D69: yes | E69: yes | F69: 262144 | H69: 0.5 | I69: 1.5 | J69: 0.05 | M69: =IF(OR(H69="",I69=""),"",(Profiles!$B$4*(Profiles!$B$10*H69+Profiles!$B$9*IF(J69="",H69,J69)+Profiles!$B$11*IF(K69="",H69,K69))+Profiles!$C$4*I69)/1000000+Profiles!$D$4*IF(L69="",0,L69)) | N69: =IF(OR(H69="",I69=""),"",(Profiles!$B$5*(Profiles!$B$10*H69+Profiles!$B$9*IF(J69="",H69,J69)+Profiles!$B$11*IF(K69="",H69,K69))+Profiles!$C$5*I69)/1000000+Profiles!$D$5*IF(L69="",0,L69)) | O69: =IF(OR(H69="",I69=""),"",(Profiles!$B$6*(Profiles!$B$10*H69+Profiles!$B$9*IF(J69="",H69,J69)+Profiles!$B$11*IF(K69="",H69,K69))+Profiles!$C$6*I69)/1000000+Profiles!$D$6*IF(L69="",0,L69)) | P69: =IF(OR(H69="",I69=""),"",(Profiles!$B$5*(Profiles!$B$10*H69+Profiles!$B$9*H69+Profiles!$B$11*H69)+Profiles!$C$5*I69)/1000000+Profiles!$D$5*IF(L69="",0,L69)) | Q69: 2025-12-01
A70: qwen/qwen3-vl-8b-instruct | B70: Qwen: Qwen3 VL 8B Instruct | D70: yes | E70: yes | F70: 262144 | H70: 0.117 | I70: 0.455 | M70: =IF(OR(H70="",I70=""),"",(Profiles!$B$4*(Profiles!$B$10*H70+Profiles!$B$9*IF(J70="",H70,J70)+Profiles!$B$11*IF(K70="",H70,K70))+Profiles!$C$4*I70)/1000000+Profiles!$D$4*IF(L70="",0,L70)) | N70: =IF(OR(H70="",I70=""),"",(Profiles!$B$5*(Profiles!$B$10*H70+Profiles!$B$9*IF(J70="",H70,J70)+Profiles!$B$11*IF(K70="",H70,K70))+Profiles!$C$5*I70)/1000000+Profiles!$D$5*IF(L70="",0,L70)) | O70: =IF(OR(H70="",I70=""),"",(Profiles!$B$6*(Profiles!$B$10*H70+Profiles!$B$9*IF(J70="",H70,J70)+Profiles!$B$11*IF(K70="",H70,K70))+Profiles!$C$6*I70)/1000000+Profiles!$D$6*IF(L70="",0,L70)) | P70: =IF(OR(H70="",I70=""),"",(Profiles!$B$5*(Profiles!$B$10*H70+Profiles!$B$9*H70+Profiles!$B$11*H70)+Profiles!$C$5*I70)/1000000+Profiles!$D$5*IF(L70="",0,L70)) | Q70: 2025-10-14 | R70: 2026-10-09
A71: qwen/qwen3-vl-235b-a22b-instruct | B71: Qwen: Qwen3 VL 235B A22B Instruct | D71: yes | E71: yes | F71: 262144 | H71: 0.21 | I71: 1.9 | J71: 0.1 | M71: =IF(OR(H71="",I71=""),"",(Profiles!$B$4*(Profiles!$B$10*H71+Profiles!$B$9*IF(J71="",H71,J71)+Profiles!$B$11*IF(K71="",H71,K71))+Profiles!$C$4*I71)/1000000+Profiles!$D$4*IF(L71="",0,L71)) | N71: =IF(OR(H71="",I71=""),"",(Profiles!$B$5*(Profiles!$B$10*H71+Profiles!$B$9*IF(J71="",H71,J71)+Profiles!$B$11*IF(K71="",H71,K71))+Profiles!$C$5*I71)/1000000+Profiles!$D$5*IF(L71="",0,L71)) | O71: =IF(OR(H71="",I71=""),"",(Profiles!$B$6*(Profiles!$B$10*H71+Profiles!$B$9*IF(J71="",H71,J71)+Profiles!$B$11*IF(K71="",H71,K71))+Profiles!$C$6*I71)/1000000+Profiles!$D$6*IF(L71="",0,L71)) | P71: =IF(OR(H71="",I71=""),"",(Profiles!$B$5*(Profiles!$B$10*H71+Profiles!$B$9*H71+Profiles!$B$11*H71)+Profiles!$C$5*I71)/1000000+Profiles!$D$5*IF(L71="",0,L71)) | Q71: 2025-09-24
A72: moonshotai/kimi-k2.5 | B72: MoonshotAI: Kimi K2.5 | D72: yes | E72: yes | F72: 262144 | H72: 0.45 | I72: 2.25 | J72: 0.07 | M72: =IF(OR(H72="",I72=""),"",(Profiles!$B$4*(Profiles!$B$10*H72+Profiles!$B$9*IF(J72="",H72,J72)+Profiles!$B$11*IF(K72="",H72,K72))+Profiles!$C$4*I72)/1000000+Profiles!$D$4*IF(L72="",0,L72)) | N72: =IF(OR(H72="",I72=""),"",(Profiles!$B$5*(Profiles!$B$10*H72+Profiles!$B$9*IF(J72="",H72,J72)+Profiles!$B$11*IF(K72="",H72,K72))+Profiles!$C$5*I72)/1000000+Profiles!$D$5*IF(L72="",0,L72)) | O72: =IF(OR(H72="",I72=""),"",(Profiles!$B$6*(Profiles!$B$10*H72+Profiles!$B$9*IF(J72="",H72,J72)+Profiles!$B$11*IF(K72="",H72,K72))+Profiles!$C$6*I72)/1000000+Profiles!$D$6*IF(L72="",0,L72)) | P72: =IF(OR(H72="",I72=""),"",(Profiles!$B$5*(Profiles!$B$10*H72+Profiles!$B$9*H72+Profiles!$B$11*H72)+Profiles!$C$5*I72)/1000000+Profiles!$D$5*IF(L72="",0,L72)) | Q72: 2026-01-27
A73: z-ai/glm-5.3-flashx | B73: Z.ai: GLM 5.3 FlashX | D73: yes | E73: yes | F73: 1048576 | H73: 0.37 | I73: 1.25 | J73: 0.09 | M73: =IF(OR(H73="",I73=""),"",(Profiles!$B$4*(Profiles!$B$10*H73+Profiles!$B$9*IF(J73="",H73,J73)+Profiles!$B$11*IF(K73="",H73,K73))+Profiles!$C$4*I73)/1000000+Profiles!$D$4*IF(L73="",0,L73)) | N73: =IF(OR(H73="",I73=""),"",(Profiles!$B$5*(Profiles!$B$10*H73+Profiles!$B$9*IF(J73="",H73,J73)+Profiles!$B$11*IF(K73="",H73,K73))+Profiles!$C$5*I73)/1000000+Profiles!$D$5*IF(L73="",0,L73)) | O73: =IF(OR(H73="",I73=""),"",(Profiles!$B$6*(Profiles!$B$10*H73+Profiles!$B$9*IF(J73="",H73,J73)+Profiles!$B$11*IF(K73="",H73,K73))+Profiles!$C$6*I73)/1000000+Profiles!$D$6*IF(L73="",0,L73)) | P73: =IF(OR(H73="",I73=""),"",(Profiles!$B$5*(Profiles!$B$10*H73+Profiles!$B$9*H73+Profiles!$B$11*H73)+Profiles!$C$5*I73)/1000000+Profiles!$D$5*IF(L73="",0,L73)) | Q73: 2026-09-18
A74: qwen/qwen3.8-27b | B74: Qwen: Qwen3.8 27B | D74: yes | E74: yes | F74: 1000000 | H74: 0.42 | I74: 3 | J74: 0.085 | M74: =IF(OR(H74="",I74=""),"",(Profiles!$B$4*(Profiles!$B$10*H74+Profiles!$B$9*IF(J74="",H74,J74)+Profiles!$B$11*IF(K74="",H74,K74))+Profiles!$C$4*I74)/1000000+Profiles!$D$4*IF(L74="",0,L74)) | N74: =IF(OR(H74="",I74=""),"",(Profiles!$B$5*(Profiles!$B$10*H74+Profiles!$B$9*IF(J74="",H74,J74)+Profiles!$B$11*IF(K74="",H74,K74))+Profiles!$C$5*I74)/1000000+Profiles!$D$5*IF(L74="",0,L74)) | O74: =IF(OR(H74="",I74=""),"",(Profiles!$B$6*(Profiles!$B$10*H74+Profiles!$B$9*IF(J74="",H74,J74)+Profiles!$B$11*IF(K74="",H74,K74))+Profiles!$C$6*I74)/1000000+Profiles!$D$6*IF(L74="",0,L74)) | P74: =IF(OR(H74="",I74=""),"",(Profiles!$B$5*(Profiles!$B$10*H74+Profiles!$B$9*H74+Profiles!$B$11*H74)+Profiles!$C$5*I74)/1000000+Profiles!$D$5*IF(L74="",0,L74)) | Q74: 2026-08-14
A75: openai/gpt-4.1-mini | B75: OpenAI: GPT-4.1 Mini | D75: yes | E75: yes | F75: 1047576 | H75: 0.4 | I75: 1.6 | J75: 0.1 | M75: =IF(OR(H75="",I75=""),"",(Profiles!$B$4*(Profiles!$B$10*H75+Profiles!$B$9*IF(J75="",H75,J75)+Profiles!$B$11*IF(K75="",H75,K75))+Profiles!$C$4*I75)/1000000+Profiles!$D$4*IF(L75="",0,L75)) | N75: =IF(OR(H75="",I75=""),"",(Profiles!$B$5*(Profiles!$B$10*H75+Profiles!$B$9*IF(J75="",H75,J75)+Profiles!$B$11*IF(K75="",H75,K75))+Profiles!$C$5*I75)/1000000+Profiles!$D$5*IF(L75="",0,L75)) | O75: =IF(OR(H75="",I75=""),"",(Profiles!$B$6*(Profiles!$B$10*H75+Profiles!$B$9*IF(J75="",H75,J75)+Profiles!$B$11*IF(K75="",H75,K75))+Profiles!$C$6*I75)/1000000+Profiles!$D$6*IF(L75="",0,L75)) | P75: =IF(OR(H75="",I75=""),"",(Profiles!$B$5*(Profiles!$B$10*H75+Profiles!$B$9*H75+Profiles!$B$11*H75)+Profiles!$C$5*I75)/1000000+Profiles!$D$5*IF(L75="",0,L75)) | Q75: 2025-04-14
A76: thinkingmachines/inkling-small | B76: Thinking Machines: Inkling Small | D76: yes | E76: yes | F76: 524288 | H76: 0.45 | I76: 1.2 | J76: 0.1 | M76: =IF(OR(H76="",I76=""),"",(Profiles!$B$4*(Profiles!$B$10*H76+Profiles!$B$9*IF(J76="",H76,J76)+Profiles!$B$11*IF(K76="",H76,K76))+Profiles!$C$4*I76)/1000000+Profiles!$D$4*IF(L76="",0,L76)) | N76: =IF(OR(H76="",I76=""),"",(Profiles!$B$5*(Profiles!$B$10*H76+Profiles!$B$9*IF(J76="",H76,J76)+Profiles!$B$11*IF(K76="",H76,K76))+Profiles!$C$5*I76)/1000000+Profiles!$D$5*IF(L76="",0,L76)) | O76: =IF(OR(H76="",I76=""),"",(Profiles!$B$6*(Profiles!$B$10*H76+Profiles!$B$9*IF(J76="",H76,J76)+Profiles!$B$11*IF(K76="",H76,K76))+Profiles!$C$6*I76)/1000000+Profiles!$D$6*IF(L76="",0,L76)) | P76: =IF(OR(H76="",I76=""),"",(Profiles!$B$5*(Profiles!$B$10*H76+Profiles!$B$9*H76+Profiles!$B$11*H76)+Profiles!$C$5*I76)/1000000+Profiles!$D$5*IF(L76="",0,L76)) | Q76: 2026-07-30
A77: google/gemini-3.8-flash | B77: Google: Gemini 3.8 Flash | C77: r11, r16, r18, r19 | D77: yes | E77: yes | F77: 1048576 | H77: 0.75 | I77: 3.75 | J77: 0.075 | K77: 0.041666667 | L77: 7.5e-07 | M77: =IF(OR(H77="",I77=""),"",(Profiles!$B$4*(Profiles!$B$10*H77+Profiles!$B$9*IF(J77="",H77,J77)+Profiles!$B$11*IF(K77="",H77,K77))+Profiles!$C$4*I77)/1000000+Profiles!$D$4*IF(L77="",0,L77)) | N77: =IF(OR(H77="",I77=""),"",(Profiles!$B$5*(Profiles!$B$10*H77+Profiles!$B$9*IF(J77="",H77,J77)+Profiles!$B$11*IF(K77="",H77,K77))+Profiles!$C$5*I77)/1000000+Profiles!$D$5*IF(L77="",0,L77)) | O77: =IF(OR(H77="",I77=""),"",(Profiles!$B$6*(Profiles!$B$10*H77+Profiles!$B$9*IF(J77="",H77,J77)+Profiles!$B$11*IF(K77="",H77,K77))+Profiles!$C$6*I77)/1000000+Profiles!$D$6*IF(L77="",0,L77)) | P77: =IF(OR(H77="",I77=""),"",(Profiles!$B$5*(Profiles!$B$10*H77+Profiles!$B$9*H77+Profiles!$B$11*H77)+Profiles!$C$5*I77)/1000000+Profiles!$D$5*IF(L77="",0,L77)) | Q77: 2026-09-02
A78: google/gemini-3.7-flash | B78: Google: Gemini 3.7 Flash | D78: yes | E78: yes | F78: 1048576 | H78: 0.75 | I78: 3.75 | J78: 0.075 | K78: 0.041666667 | L78: 7.5e-07 | M78: =IF(OR(H78="",I78=""),"",(Profiles!$B$4*(Profiles!$B$10*H78+Profiles!$B$9*IF(J78="",H78,J78)+Profiles!$B$11*IF(K78="",H78,K78))+Profiles!$C$4*I78)/1000000+Profiles!$D$4*IF(L78="",0,L78)) | N78: =IF(OR(H78="",I78=""),"",(Profiles!$B$5*(Profiles!$B$10*H78+Profiles!$B$9*IF(J78="",H78,J78)+Profiles!$B$11*IF(K78="",H78,K78))+Profiles!$C$5*I78)/1000000+Profiles!$D$5*IF(L78="",0,L78)) | O78: =IF(OR(H78="",I78=""),"",(Profiles!$B$6*(Profiles!$B$10*H78+Profiles!$B$9*IF(J78="",H78,J78)+Profiles!$B$11*IF(K78="",H78,K78))+Profiles!$C$6*I78)/1000000+Profiles!$D$6*IF(L78="",0,L78)) | P78: =IF(OR(H78="",I78=""),"",(Profiles!$B$5*(Profiles!$B$10*H78+Profiles!$B$9*H78+Profiles!$B$11*H78)+Profiles!$C$5*I78)/1000000+Profiles!$D$5*IF(L78="",0,L78)) | Q78: 2026-08-13
A79: google/gemini-3.6-flash | B79: Google: Gemini 3.6 Flash | D79: yes | E79: yes | F79: 1048576 | H79: 0.75 | I79: 3.75 | J79: 0.075 | K79: 0.041666667 | L79: 7.5e-07 | M79: =IF(OR(H79="",I79=""),"",(Profiles!$B$4*(Profiles!$B$10*H79+Profiles!$B$9*IF(J79="",H79,J79)+Profiles!$B$11*IF(K79="",H79,K79))+Profiles!$C$4*I79)/1000000+Profiles!$D$4*IF(L79="",0,L79)) | N79: =IF(OR(H79="",I79=""),"",(Profiles!$B$5*(Profiles!$B$10*H79+Profiles!$B$9*IF(J79="",H79,J79)+Profiles!$B$11*IF(K79="",H79,K79))+Profiles!$C$5*I79)/1000000+Profiles!$D$5*IF(L79="",0,L79)) | O79: =IF(OR(H79="",I79=""),"",(Profiles!$B$6*(Profiles!$B$10*H79+Profiles!$B$9*IF(J79="",H79,J79)+Profiles!$B$11*IF(K79="",H79,K79))+Profiles!$C$6*I79)/1000000+Profiles!$D$6*IF(L79="",0,L79)) | P79: =IF(OR(H79="",I79=""),"",(Profiles!$B$5*(Profiles!$B$10*H79+Profiles!$B$9*H79+Profiles!$B$11*H79)+Profiles!$C$5*I79)/1000000+Profiles!$D$5*IF(L79="",0,L79)) | Q79: 2026-07-21
A80: ~google/gemini-flash-latest | B80: Google: Gemini Flash Latest | D80: yes | E80: yes | F80: 1048576 | G80: alias (latest) | H80: 0.75 | I80: 3.75 | J80: 0.075 | K80: 0.041666667 | L80: 7.5e-07 | M80: =IF(OR(H80="",I80=""),"",(Profiles!$B$4*(Profiles!$B$10*H80+Profiles!$B$9*IF(J80="",H80,J80)+Profiles!$B$11*IF(K80="",H80,K80))+Profiles!$C$4*I80)/1000000+Profiles!$D$4*IF(L80="",0,L80)) | N80: =IF(OR(H80="",I80=""),"",(Profiles!$B$5*(Profiles!$B$10*H80+Profiles!$B$9*IF(J80="",H80,J80)+Profiles!$B$11*IF(K80="",H80,K80))+Profiles!$C$5*I80)/1000000+Profiles!$D$5*IF(L80="",0,L80)) | O80: =IF(OR(H80="",I80=""),"",(Profiles!$B$6*(Profiles!$B$10*H80+Profiles!$B$9*IF(J80="",H80,J80)+Profiles!$B$11*IF(K80="",H80,K80))+Profiles!$C$6*I80)/1000000+Profiles!$D$6*IF(L80="",0,L80)) | P80: =IF(OR(H80="",I80=""),"",(Profiles!$B$5*(Profiles!$B$10*H80+Profiles!$B$9*H80+Profiles!$B$11*H80)+Profiles!$C$5*I80)/1000000+Profiles!$D$5*IF(L80="",0,L80)) | Q80: 2026-04-27
A81: qwen/qwen3-vl-30b-a3b-instruct | B81: Qwen: Qwen3 VL 30B A3B Instruct | D81: yes | E81: yes | F81: 262144 | H81: 0.15 | I81: 0.6 | M81: =IF(OR(H81="",I81=""),"",(Profiles!$B$4*(Profiles!$B$10*H81+Profiles!$B$9*IF(J81="",H81,J81)+Profiles!$B$11*IF(K81="",H81,K81))+Profiles!$C$4*I81)/1000000+Profiles!$D$4*IF(L81="",0,L81)) | N81: =IF(OR(H81="",I81=""),"",(Profiles!$B$5*(Profiles!$B$10*H81+Profiles!$B$9*IF(J81="",H81,J81)+Profiles!$B$11*IF(K81="",H81,K81))+Profiles!$C$5*I81)/1000000+Profiles!$D$5*IF(L81="",0,L81)) | O81: =IF(OR(H81="",I81=""),"",(Profiles!$B$6*(Profiles!$B$10*H81+Profiles!$B$9*IF(J81="",H81,J81)+Profiles!$B$11*IF(K81="",H81,K81))+Profiles!$C$6*I81)/1000000+Profiles!$D$6*IF(L81="",0,L81)) | P81: =IF(OR(H81="",I81=""),"",(Profiles!$B$5*(Profiles!$B$10*H81+Profiles!$B$9*H81+Profiles!$B$11*H81)+Profiles!$C$5*I81)/1000000+Profiles!$D$5*IF(L81="",0,L81)) | Q81: 2025-10-07
A82: perceptron/perceptron-mk1.5 | B82: Perceptron: Perceptron Mk1.5 | D82: yes | E82: yes | F82: 36864 | H82: 0.15 | I82: 1.5 | M82: =IF(OR(H82="",I82=""),"",(Profiles!$B$4*(Profiles!$B$10*H82+Profiles!$B$9*IF(J82="",H82,J82)+Profiles!$B$11*IF(K82="",H82,K82))+Profiles!$C$4*I82)/1000000+Profiles!$D$4*IF(L82="",0,L82)) | N82: =IF(OR(H82="",I82=""),"",(Profiles!$B$5*(Profiles!$B$10*H82+Profiles!$B$9*IF(J82="",H82,J82)+Profiles!$B$11*IF(K82="",H82,K82))+Profiles!$C$5*I82)/1000000+Profiles!$D$5*IF(L82="",0,L82)) | O82: =IF(OR(H82="",I82=""),"",(Profiles!$B$6*(Profiles!$B$10*H82+Profiles!$B$9*IF(J82="",H82,J82)+Profiles!$B$11*IF(K82="",H82,K82))+Profiles!$C$6*I82)/1000000+Profiles!$D$6*IF(L82="",0,L82)) | P82: =IF(OR(H82="",I82=""),"",(Profiles!$B$5*(Profiles!$B$10*H82+Profiles!$B$9*H82+Profiles!$B$11*H82)+Profiles!$C$5*I82)/1000000+Profiles!$D$5*IF(L82="",0,L82)) | Q82: 2026-09-25
A83: qwen/qwen3.5-35b-a3b | B83: Qwen: Qwen3.5-35B-A3B | D83: yes | E83: yes | F83: 262144 | H83: 0.1625 | I83: 1.3 | M83: =IF(OR(H83="",I83=""),"",(Profiles!$B$4*(Profiles!$B$10*H83+Profiles!$B$9*IF(J83="",H83,J83)+Profiles!$B$11*IF(K83="",H83,K83))+Profiles!$C$4*I83)/1000000+Profiles!$D$4*IF(L83="",0,L83)) | N83: =IF(OR(H83="",I83=""),"",(Profiles!$B$5*(Profiles!$B$10*H83+Profiles!$B$9*IF(J83="",H83,J83)+Profiles!$B$11*IF(K83="",H83,K83))+Profiles!$C$5*I83)/1000000+Profiles!$D$5*IF(L83="",0,L83)) | O83: =IF(OR(H83="",I83=""),"",(Profiles!$B$6*(Profiles!$B$10*H83+Profiles!$B$9*IF(J83="",H83,J83)+Profiles!$B$11*IF(K83="",H83,K83))+Profiles!$C$6*I83)/1000000+Profiles!$D$6*IF(L83="",0,L83)) | P83: =IF(OR(H83="",I83=""),"",(Profiles!$B$5*(Profiles!$B$10*H83+Profiles!$B$9*H83+Profiles!$B$11*H83)+Profiles!$C$5*I83)/1000000+Profiles!$D$5*IF(L83="",0,L83)) | Q83: 2026-02-25
A84: z-ai/glm-4.5v | B84: Z.ai: GLM 4.5V | D84: yes | E84: yes | F84: 65536 | H84: 0.6 | I84: 1.8 | J84: 0.11 | M84: =IF(OR(H84="",I84=""),"",(Profiles!$B$4*(Profiles!$B$10*H84+Profiles!$B$9*IF(J84="",H84,J84)+Profiles!$B$11*IF(K84="",H84,K84))+Profiles!$C$4*I84)/1000000+Profiles!$D$4*IF(L84="",0,L84)) | N84: =IF(OR(H84="",I84=""),"",(Profiles!$B$5*(Profiles!$B$10*H84+Profiles!$B$9*IF(J84="",H84,J84)+Profiles!$B$11*IF(K84="",H84,K84))+Profiles!$C$5*I84)/1000000+Profiles!$D$5*IF(L84="",0,L84)) | O84: =IF(OR(H84="",I84=""),"",(Profiles!$B$6*(Profiles!$B$10*H84+Profiles!$B$9*IF(J84="",H84,J84)+Profiles!$B$11*IF(K84="",H84,K84))+Profiles!$C$6*I84)/1000000+Profiles!$D$6*IF(L84="",0,L84)) | P84: =IF(OR(H84="",I84=""),"",(Profiles!$B$5*(Profiles!$B$10*H84+Profiles!$B$9*H84+Profiles!$B$11*H84)+Profiles!$C$5*I84)/1000000+Profiles!$D$5*IF(L84="",0,L84)) | Q84: 2025-08-11
A85: ~openai/gpt-mini-latest | B85: OpenAI: GPT Mini Latest | D85: yes | E85: yes | F85: 400000 | G85: alias (latest) | H85: 0.75 | I85: 4.5 | J85: 0.075 | M85: =IF(OR(H85="",I85=""),"",(Profiles!$B$4*(Profiles!$B$10*H85+Profiles!$B$9*IF(J85="",H85,J85)+Profiles!$B$11*IF(K85="",H85,K85))+Profiles!$C$4*I85)/1000000+Profiles!$D$4*IF(L85="",0,L85)) | N85: =IF(OR(H85="",I85=""),"",(Profiles!$B$5*(Profiles!$B$10*H85+Profiles!$B$9*IF(J85="",H85,J85)+Profiles!$B$11*IF(K85="",H85,K85))+Profiles!$C$5*I85)/1000000+Profiles!$D$5*IF(L85="",0,L85)) | O85: =IF(OR(H85="",I85=""),"",(Profiles!$B$6*(Profiles!$B$10*H85+Profiles!$B$9*IF(J85="",H85,J85)+Profiles!$B$11*IF(K85="",H85,K85))+Profiles!$C$6*I85)/1000000+Profiles!$D$6*IF(L85="",0,L85)) | P85: =IF(OR(H85="",I85=""),"",(Profiles!$B$5*(Profiles!$B$10*H85+Profiles!$B$9*H85+Profiles!$B$11*H85)+Profiles!$C$5*I85)/1000000+Profiles!$D$5*IF(L85="",0,L85)) | Q85: 2026-04-27
A86: openai/gpt-5.4-mini | B86: OpenAI: GPT-5.4 Mini | D86: yes | E86: yes | F86: 400000 | H86: 0.75 | I86: 4.5 | J86: 0.075 | M86: =IF(OR(H86="",I86=""),"",(Profiles!$B$4*(Profiles!$B$10*H86+Profiles!$B$9*IF(J86="",H86,J86)+Profiles!$B$11*IF(K86="",H86,K86))+Profiles!$C$4*I86)/1000000+Profiles!$D$4*IF(L86="",0,L86)) | N86: =IF(OR(H86="",I86=""),"",(Profiles!$B$5*(Profiles!$B$10*H86+Profiles!$B$9*IF(J86="",H86,J86)+Profiles!$B$11*IF(K86="",H86,K86))+Profiles!$C$5*I86)/1000000+Profiles!$D$5*IF(L86="",0,L86)) | O86: =IF(OR(H86="",I86=""),"",(Profiles!$B$6*(Profiles!$B$10*H86+Profiles!$B$9*IF(J86="",H86,J86)+Profiles!$B$11*IF(K86="",H86,K86))+Profiles!$C$6*I86)/1000000+Profiles!$D$6*IF(L86="",0,L86)) | P86: =IF(OR(H86="",I86=""),"",(Profiles!$B$5*(Profiles!$B$10*H86+Profiles!$B$9*H86+Profiles!$B$11*H86)+Profiles!$C$5*I86)/1000000+Profiles!$D$5*IF(L86="",0,L86)) | Q86: 2026-03-17
A87: cohere/command-a-plus | B87: Cohere: Command A+ | D87: yes | E87: yes | F87: 192000 | H87: 0.3 | I87: 1.5 | J87: 0.15 | M87: =IF(OR(H87="",I87=""),"",(Profiles!$B$4*(Profiles!$B$10*H87+Profiles!$B$9*IF(J87="",H87,J87)+Profiles!$B$11*IF(K87="",H87,K87))+Profiles!$C$4*I87)/1000000+Profiles!$D$4*IF(L87="",0,L87)) | N87: =IF(OR(H87="",I87=""),"",(Profiles!$B$5*(Profiles!$B$10*H87+Profiles!$B$9*IF(J87="",H87,J87)+Profiles!$B$11*IF(K87="",H87,K87))+Profiles!$C$5*I87)/1000000+Profiles!$D$5*IF(L87="",0,L87)) | O87: =IF(OR(H87="",I87=""),"",(Profiles!$B$6*(Profiles!$B$10*H87+Profiles!$B$9*IF(J87="",H87,J87)+Profiles!$B$11*IF(K87="",H87,K87))+Profiles!$C$6*I87)/1000000+Profiles!$D$6*IF(L87="",0,L87)) | P87: =IF(OR(H87="",I87=""),"",(Profiles!$B$5*(Profiles!$B$10*H87+Profiles!$B$9*H87+Profiles!$B$11*H87)+Profiles!$C$5*I87)/1000000+Profiles!$D$5*IF(L87="",0,L87)) | Q87: 2026-09-22
A88: meta-llama/llama-4-maverick | B88: Meta: Llama 4 Maverick | D88: yes | E88: yes | F88: 1048576 | H88: 0.1875 | I88: 0.6525 | M88: =IF(OR(H88="",I88=""),"",(Profiles!$B$4*(Profiles!$B$10*H88+Profiles!$B$9*IF(J88="",H88,J88)+Profiles!$B$11*IF(K88="",H88,K88))+Profiles!$C$4*I88)/1000000+Profiles!$D$4*IF(L88="",0,L88)) | N88: =IF(OR(H88="",I88=""),"",(Profiles!$B$5*(Profiles!$B$10*H88+Profiles!$B$9*IF(J88="",H88,J88)+Profiles!$B$11*IF(K88="",H88,K88))+Profiles!$C$5*I88)/1000000+Profiles!$D$5*IF(L88="",0,L88)) | O88: =IF(OR(H88="",I88=""),"",(Profiles!$B$6*(Profiles!$B$10*H88+Profiles!$B$9*IF(J88="",H88,J88)+Profiles!$B$11*IF(K88="",H88,K88))+Profiles!$C$6*I88)/1000000+Profiles!$D$6*IF(L88="",0,L88)) | P88: =IF(OR(H88="",I88=""),"",(Profiles!$B$5*(Profiles!$B$10*H88+Profiles!$B$9*H88+Profiles!$B$11*H88)+Profiles!$C$5*I88)/1000000+Profiles!$D$5*IF(L88="",0,L88)) | Q88: 2025-04-05
A89: qwen/qwen3-vl-8b-thinking | B89: Qwen: Qwen3 VL 8B Thinking | D89: yes | E89: yes | F89: 131072 | H89: 0.18 | I89: 2.1 | M89: =IF(OR(H89="",I89=""),"",(Profiles!$B$4*(Profiles!$B$10*H89+Profiles!$B$9*IF(J89="",H89,J89)+Profiles!$B$11*IF(K89="",H89,K89))+Profiles!$C$4*I89)/1000000+Profiles!$D$4*IF(L89="",0,L89)) | N89: =IF(OR(H89="",I89=""),"",(Profiles!$B$5*(Profiles!$B$10*H89+Profiles!$B$9*IF(J89="",H89,J89)+Profiles!$B$11*IF(K89="",H89,K89))+Profiles!$C$5*I89)/1000000+Profiles!$D$5*IF(L89="",0,L89)) | O89: =IF(OR(H89="",I89=""),"",(Profiles!$B$6*(Profiles!$B$10*H89+Profiles!$B$9*IF(J89="",H89,J89)+Profiles!$B$11*IF(K89="",H89,K89))+Profiles!$C$6*I89)/1000000+Profiles!$D$6*IF(L89="",0,L89)) | P89: =IF(OR(H89="",I89=""),"",(Profiles!$B$5*(Profiles!$B$10*H89+Profiles!$B$9*H89+Profiles!$B$11*H89)+Profiles!$C$5*I89)/1000000+Profiles!$D$5*IF(L89="",0,L89)) | Q89: 2025-10-14 | R89: 2026-10-09
A90: qwen/qwen3.6-flash | B90: Qwen: Qwen3.6 Flash | D90: yes | E90: yes | F90: 1000000 | H90: 0.1875 | I90: 1.125 | K90: 0.234375 | M90: =IF(OR(H90="",I90=""),"",(Profiles!$B$4*(Profiles!$B$10*H90+Profiles!$B$9*IF(J90="",H90,J90)+Profiles!$B$11*IF(K90="",H90,K90))+Profiles!$C$4*I90)/1000000+Profiles!$D$4*IF(L90="",0,L90)) | N90: =IF(OR(H90="",I90=""),"",(Profiles!$B$5*(Profiles!$B$10*H90+Profiles!$B$9*IF(J90="",H90,J90)+Profiles!$B$11*IF(K90="",H90,K90))+Profiles!$C$5*I90)/1000000+Profiles!$D$5*IF(L90="",0,L90)) | O90: =IF(OR(H90="",I90=""),"",(Profiles!$B$6*(Profiles!$B$10*H90+Profiles!$B$9*IF(J90="",H90,J90)+Profiles!$B$11*IF(K90="",H90,K90))+Profiles!$C$6*I90)/1000000+Profiles!$D$6*IF(L90="",0,L90)) | P90: =IF(OR(H90="",I90=""),"",(Profiles!$B$5*(Profiles!$B$10*H90+Profiles!$B$9*H90+Profiles!$B$11*H90)+Profiles!$C$5*I90)/1000000+Profiles!$D$5*IF(L90="",0,L90)) | Q90: 2026-04-27
A91: qwen/qwen3.5-27b | B91: Qwen: Qwen3.5-27B | D91: yes | E91: yes | F91: 262144 | H91: 0.195 | I91: 1.56 | M91: =IF(OR(H91="",I91=""),"",(Profiles!$B$4*(Profiles!$B$10*H91+Profiles!$B$9*IF(J91="",H91,J91)+Profiles!$B$11*IF(K91="",H91,K91))+Profiles!$C$4*I91)/1000000+Profiles!$D$4*IF(L91="",0,L91)) | N91: =IF(OR(H91="",I91=""),"",(Profiles!$B$5*(Profiles!$B$10*H91+Profiles!$B$9*IF(J91="",H91,J91)+Profiles!$B$11*IF(K91="",H91,K91))+Profiles!$C$5*I91)/1000000+Profiles!$D$5*IF(L91="",0,L91)) | O91: =IF(OR(H91="",I91=""),"",(Profiles!$B$6*(Profiles!$B$10*H91+Profiles!$B$9*IF(J91="",H91,J91)+Profiles!$B$11*IF(K91="",H91,K91))+Profiles!$C$6*I91)/1000000+Profiles!$D$6*IF(L91="",0,L91)) | P91: =IF(OR(H91="",I91=""),"",(Profiles!$B$5*(Profiles!$B$10*H91+Profiles!$B$9*H91+Profiles!$B$11*H91)+Profiles!$C$5*I91)/1000000+Profiles!$D$5*IF(L91="",0,L91)) | Q91: 2026-02-25
A92: qwen/qwen3-vl-30b-a3b-thinking | B92: Qwen: Qwen3 VL 30B A3B Thinking | D92: yes | E92: yes | F92: 262144 | H92: 0.2 | I92: 2.4 | M92: =IF(OR(H92="",I92=""),"",(Profiles!$B$4*(Profiles!$B$10*H92+Profiles!$B$9*IF(J92="",H92,J92)+Profiles!$B$11*IF(K92="",H92,K92))+Profiles!$C$4*I92)/1000000+Profiles!$D$4*IF(L92="",0,L92)) | N92: =IF(OR(H92="",I92=""),"",(Profiles!$B$5*(Profiles!$B$10*H92+Profiles!$B$9*IF(J92="",H92,J92)+Profiles!$B$11*IF(K92="",H92,K92))+Profiles!$C$5*I92)/1000000+Profiles!$D$5*IF(L92="",0,L92)) | O92: =IF(OR(H92="",I92=""),"",(Profiles!$B$6*(Profiles!$B$10*H92+Profiles!$B$9*IF(J92="",H92,J92)+Profiles!$B$11*IF(K92="",H92,K92))+Profiles!$C$6*I92)/1000000+Profiles!$D$6*IF(L92="",0,L92)) | P92: =IF(OR(H92="",I92=""),"",(Profiles!$B$5*(Profiles!$B$10*H92+Profiles!$B$9*H92+Profiles!$B$11*H92)+Profiles!$C$5*I92)/1000000+Profiles!$D$5*IF(L92="",0,L92)) | Q92: 2025-10-07 | R92: 2026-10-09
A93: moonshotai/kimi-k2.6 | B93: MoonshotAI: Kimi K2.6 | D93: yes | E93: yes | F93: 262144 | H93: 0.65 | I93: 3.41 | J93: 0.15 | M93: =IF(OR(H93="",I93=""),"",(Profiles!$B$4*(Profiles!$B$10*H93+Profiles!$B$9*IF(J93="",H93,J93)+Profiles!$B$11*IF(K93="",H93,K93))+Profiles!$C$4*I93)/1000000+Profiles!$D$4*IF(L93="",0,L93)) | N93: =IF(OR(H93="",I93=""),"",(Profiles!$B$5*(Profiles!$B$10*H93+Profiles!$B$9*IF(J93="",H93,J93)+Profiles!$B$11*IF(K93="",H93,K93))+Profiles!$C$5*I93)/1000000+Profiles!$D$5*IF(L93="",0,L93)) | O93: =IF(OR(H93="",I93=""),"",(Profiles!$B$6*(Profiles!$B$10*H93+Profiles!$B$9*IF(J93="",H93,J93)+Profiles!$B$11*IF(K93="",H93,K93))+Profiles!$C$6*I93)/1000000+Profiles!$D$6*IF(L93="",0,L93)) | P93: =IF(OR(H93="",I93=""),"",(Profiles!$B$5*(Profiles!$B$10*H93+Profiles!$B$9*H93+Profiles!$B$11*H93)+Profiles!$C$5*I93)/1000000+Profiles!$D$5*IF(L93="",0,L93)) | Q93: 2026-04-20
A94: ~anthropic/claude-haiku-latest | B94: Anthropic: Claude Haiku Latest | D94: yes | E94: yes | F94: 200000 | G94: alias (latest) | H94: 1 | I94: 5 | J94: 0.1 | K94: 1.25 | M94: =IF(OR(H94="",I94=""),"",(Profiles!$B$4*(Profiles!$B$10*H94+Profiles!$B$9*IF(J94="",H94,J94)+Profiles!$B$11*IF(K94="",H94,K94))+Profiles!$C$4*I94)/1000000+Profiles!$D$4*IF(L94="",0,L94)) | N94: =IF(OR(H94="",I94=""),"",(Profiles!$B$5*(Profiles!$B$10*H94+Profiles!$B$9*IF(J94="",H94,J94)+Profiles!$B$11*IF(K94="",H94,K94))+Profiles!$C$5*I94)/1000000+Profiles!$D$5*IF(L94="",0,L94)) | O94: =IF(OR(H94="",I94=""),"",(Profiles!$B$6*(Profiles!$B$10*H94+Profiles!$B$9*IF(J94="",H94,J94)+Profiles!$B$11*IF(K94="",H94,K94))+Profiles!$C$6*I94)/1000000+Profiles!$D$6*IF(L94="",0,L94)) | P94: =IF(OR(H94="",I94=""),"",(Profiles!$B$5*(Profiles!$B$10*H94+Profiles!$B$9*H94+Profiles!$B$11*H94)+Profiles!$C$5*I94)/1000000+Profiles!$D$5*IF(L94="",0,L94)) | Q94: 2026-04-27
A95: anthropic/claude-haiku-4.5 | B95: Anthropic: Claude Haiku 4.5 | D95: yes | E95: yes | F95: 200000 | H95: 1 | I95: 5 | J95: 0.1 | K95: 1.25 | M95: =IF(OR(H95="",I95=""),"",(Profiles!$B$4*(Profiles!$B$10*H95+Profiles!$B$9*IF(J95="",H95,J95)+Profiles!$B$11*IF(K95="",H95,K95))+Profiles!$C$4*I95)/1000000+Profiles!$D$4*IF(L95="",0,L95)) | N95: =IF(OR(H95="",I95=""),"",(Profiles!$B$5*(Profiles!$B$10*H95+Profiles!$B$9*IF(J95="",H95,J95)+Profiles!$B$11*IF(K95="",H95,K95))+Profiles!$C$5*I95)/1000000+Profiles!$D$5*IF(L95="",0,L95)) | O95: =IF(OR(H95="",I95=""),"",(Profiles!$B$6*(Profiles!$B$10*H95+Profiles!$B$9*IF(J95="",H95,J95)+Profiles!$B$11*IF(K95="",H95,K95))+Profiles!$C$6*I95)/1000000+Profiles!$D$6*IF(L95="",0,L95)) | P95: =IF(OR(H95="",I95=""),"",(Profiles!$B$5*(Profiles!$B$10*H95+Profiles!$B$9*H95+Profiles!$B$11*H95)+Profiles!$C$5*I95)/1000000+Profiles!$D$5*IF(L95="",0,L95)) | Q95: 2025-10-15
A96: moonshotai/kimi-k2.7-code | B96: MoonshotAI: Kimi K2.7 Code | D96: yes | E96: yes | F96: 262144 | H96: 0.6562 | I96: 3.3 | J96: 0.18 | M96: =IF(OR(H96="",I96=""),"",(Profiles!$B$4*(Profiles!$B$10*H96+Profiles!$B$9*IF(J96="",H96,J96)+Profiles!$B$11*IF(K96="",H96,K96))+Profiles!$C$4*I96)/1000000+Profiles!$D$4*IF(L96="",0,L96)) | N96: =IF(OR(H96="",I96=""),"",(Profiles!$B$5*(Profiles!$B$10*H96+Profiles!$B$9*IF(J96="",H96,J96)+Profiles!$B$11*IF(K96="",H96,K96))+Profiles!$C$5*I96)/1000000+Profiles!$D$5*IF(L96="",0,L96)) | O96: =IF(OR(H96="",I96=""),"",(Profiles!$B$6*(Profiles!$B$10*H96+Profiles!$B$9*IF(J96="",H96,J96)+Profiles!$B$11*IF(K96="",H96,K96))+Profiles!$C$6*I96)/1000000+Profiles!$D$6*IF(L96="",0,L96)) | P96: =IF(OR(H96="",I96=""),"",(Profiles!$B$5*(Profiles!$B$10*H96+Profiles!$B$9*H96+Profiles!$B$11*H96)+Profiles!$C$5*I96)/1000000+Profiles!$D$5*IF(L96="",0,L96)) | Q96: 2026-06-12
A97: sakana/sakana-namazu | B97: Sakana: Sakana Namazu | D97: yes | E97: yes | F97: 262144 | H97: 0.95 | I97: 4 | J97: 0.15 | M97: =IF(OR(H97="",I97=""),"",(Profiles!$B$4*(Profiles!$B$10*H97+Profiles!$B$9*IF(J97="",H97,J97)+Profiles!$B$11*IF(K97="",H97,K97))+Profiles!$C$4*I97)/1000000+Profiles!$D$4*IF(L97="",0,L97)) | N97: =IF(OR(H97="",I97=""),"",(Profiles!$B$5*(Profiles!$B$10*H97+Profiles!$B$9*IF(J97="",H97,J97)+Profiles!$B$11*IF(K97="",H97,K97))+Profiles!$C$5*I97)/1000000+Profiles!$D$5*IF(L97="",0,L97)) | O97: =IF(OR(H97="",I97=""),"",(Profiles!$B$6*(Profiles!$B$10*H97+Profiles!$B$9*IF(J97="",H97,J97)+Profiles!$B$11*IF(K97="",H97,K97))+Profiles!$C$6*I97)/1000000+Profiles!$D$6*IF(L97="",0,L97)) | P97: =IF(OR(H97="",I97=""),"",(Profiles!$B$5*(Profiles!$B$10*H97+Profiles!$B$9*H97+Profiles!$B$11*H97)+Profiles!$C$5*I97)/1000000+Profiles!$D$5*IF(L97="",0,L97)) | Q97: 2026-08-11
A98: bytedance-seed/seed-2.0-lite | B98: ByteDance Seed: Seed-2.0-Lite | D98: yes | E98: yes | F98: 262144 | H98: 0.25 | I98: 2 | M98: =IF(OR(H98="",I98=""),"",(Profiles!$B$4*(Profiles!$B$10*H98+Profiles!$B$9*IF(J98="",H98,J98)+Profiles!$B$11*IF(K98="",H98,K98))+Profiles!$C$4*I98)/1000000+Profiles!$D$4*IF(L98="",0,L98)) | N98: =IF(OR(H98="",I98=""),"",(Profiles!$B$5*(Profiles!$B$10*H98+Profiles!$B$9*IF(J98="",H98,J98)+Profiles!$B$11*IF(K98="",H98,K98))+Profiles!$C$5*I98)/1000000+Profiles!$D$5*IF(L98="",0,L98)) | O98: =IF(OR(H98="",I98=""),"",(Profiles!$B$6*(Profiles!$B$10*H98+Profiles!$B$9*IF(J98="",H98,J98)+Profiles!$B$11*IF(K98="",H98,K98))+Profiles!$C$6*I98)/1000000+Profiles!$D$6*IF(L98="",0,L98)) | P98: =IF(OR(H98="",I98=""),"",(Profiles!$B$5*(Profiles!$B$10*H98+Profiles!$B$9*H98+Profiles!$B$11*H98)+Profiles!$C$5*I98)/1000000+Profiles!$D$5*IF(L98="",0,L98)) | Q98: 2026-03-10
A99: bytedance-seed/seed-1.6 | B99: ByteDance Seed: Seed 1.6 | D99: yes | E99: yes | F99: 262144 | H99: 0.25 | I99: 2 | M99: =IF(OR(H99="",I99=""),"",(Profiles!$B$4*(Profiles!$B$10*H99+Profiles!$B$9*IF(J99="",H99,J99)+Profiles!$B$11*IF(K99="",H99,K99))+Profiles!$C$4*I99)/1000000+Profiles!$D$4*IF(L99="",0,L99)) | N99: =IF(OR(H99="",I99=""),"",(Profiles!$B$5*(Profiles!$B$10*H99+Profiles!$B$9*IF(J99="",H99,J99)+Profiles!$B$11*IF(K99="",H99,K99))+Profiles!$C$5*I99)/1000000+Profiles!$D$5*IF(L99="",0,L99)) | O99: =IF(OR(H99="",I99=""),"",(Profiles!$B$6*(Profiles!$B$10*H99+Profiles!$B$9*IF(J99="",H99,J99)+Profiles!$B$11*IF(K99="",H99,K99))+Profiles!$C$6*I99)/1000000+Profiles!$D$6*IF(L99="",0,L99)) | P99: =IF(OR(H99="",I99=""),"",(Profiles!$B$5*(Profiles!$B$10*H99+Profiles!$B$9*H99+Profiles!$B$11*H99)+Profiles!$C$5*I99)/1000000+Profiles!$D$5*IF(L99="",0,L99)) | Q99: 2025-12-23 | R99: 2026-11-11
A100: qwen/qwen3.5-plus-02-15 | B100: Qwen: Qwen3.5 Plus 2026-02-15 | D100: yes | E100: yes | F100: 1000000 | H100: 0.26 | I100: 1.56 | M100: =IF(OR(H100="",I100=""),"",(Profiles!$B$4*(Profiles!$B$10*H100+Profiles!$B$9*IF(J100="",H100,J100)+Profiles!$B$11*IF(K100="",H100,K100))+Profiles!$C$4*I100)/1000000+Profiles!$D$4*IF(L100="",0,L100)) | N100: =IF(OR(H100="",I100=""),"",(Profiles!$B$5*(Profiles!$B$10*H100+Profiles!$B$9*IF(J100="",H100,J100)+Profiles!$B$11*IF(K100="",H100,K100))+Profiles!$C$5*I100)/1000000+Profiles!$D$5*IF(L100="",0,L100)) | O100: =IF(OR(H100="",I100=""),"",(Profiles!$B$6*(Profiles!$B$10*H100+Profiles!$B$9*IF(J100="",H100,J100)+Profiles!$B$11*IF(K100="",H100,K100))+Profiles!$C$6*I100)/1000000+Profiles!$D$6*IF(L100="",0,L100)) | P100: =IF(OR(H100="",I100=""),"",(Profiles!$B$5*(Profiles!$B$10*H100+Profiles!$B$9*H100+Profiles!$B$11*H100)+Profiles!$C$5*I100)/1000000+Profiles!$D$5*IF(L100="",0,L100)) | Q100: 2026-02-16
...

Sheet Our models
A1: model id | B1: used | C1: light $ | D1: typical $ | E1: heavy $ | F1: typical $ no cache
A2: stealth/space-bunny-alpha | B2: r18 as space-bunny-free (via Go) | C2: =Models!M2 | D2: =Models!N2 | E2: =Models!O2 | F2: =Models!P2
A3: deepseek/deepseek-v4.1-flash | B3: r18 (via Go) | C3: =Models!M12 | D3: =Models!N12 | E3: =Models!O12 | F3: =Models!P12
A4: openai/gpt-6-luna | B4: r19 (via ChatGPT subscription) | C4: =Models!M24 | D4: =Models!N24 | E4: =Models!O24 | F4: =Models!P24
A5: z-ai/glm-5.3-flash | B5: r18 (via Go) | C5: =Models!M32 | D5: =Models!N32 | E5: =Models!O32 | F5: =Models!P32
A6: xiaomi/mimo-v2.6-pro | B6: r18, r19 (via Go) | C6: =Models!M40 | D6: =Models!N40 | E6: =Models!O40 | F6: =Models!P40
A7: google/gemini-3.8-flash | B7: r11, r16, r18, r19 | C7: =Models!M77 | D7: =Models!N77 | E7: =Models!O77 | F7: =Models!P77
A8: meta/muse-spark-1.3 | B8: r18, r19 (via Zen) | C8: =Models!M106 | D8: =Models!N106 | E8: =Models!O106 | F8: =Models!P106
A9: moonshotai/kimi-k3 | B9: r19 (via Go) | C9: =Models!M156 | D9: =Models!N156 | E9: =Models!O156 | F9: =Models!P156
A10: anthropic/claude-opus-5.5 | B10: r10-r17 (Opus 5.5) | C10: =Models!M163 | D10: =Models!N163 | E10: =Models!O163 | F10: =Models!P163
A11: anthropic/claude-fable-5.1 | B11: r11 | C11: =Models!M181 | D11: =Models!N181 | E11: =Models!O181 | F11: =Models!P181
A12: openai/gpt-6-astra | B12: r11, audits | C12: =Models!M184 | D12: =Models!N184 | E12: =Models!O184 | F12: =Models!P184

Sheet Measured paintings
A1: painting | B1: model (provider/id as run) | C1: sittings worked | D1: requests | E1: uncached input | F1: cache read | G1: cache write | H1: output | I1: images | J1: chunks | K1: OpenRouter id | L1: $ at OpenRouter list price
A2: r17-F1 | B2: anthropic/claude-opus-5-5 | C2: 4 | D2: 578 | E2: 1164 | F2: 40539624 | G2: 1371331 | H2: 279722 | I2: 243 | J2: 210 | K2: anthropic/claude-opus-5.5 | L2: 20.563676
A3: r17-F2 | B3: anthropic/claude-opus-5-5 | C3: 3 | D3: 458 | E3: 922 | F3: 44766940 | G3: 4394726 | H3: 223036 | I3: 200 | J3: 184 | K3: anthropic/claude-opus-5.5 | L3: 35.391426
A4: r17-F3 | B4: anthropic/claude-opus-5-5 | C4: 4 | D4: 451 | E4: 910 | F4: 36456995 | G4: 3045368 | H4: 216862 | I4: 178 | J4: 192 | K4: anthropic/claude-opus-5.5 | L4: 26.859119
A5: r17-O1 | B5: anthropic/claude-opus-5-5 | C5: 4 | D5: 206 | E5: 420 | F5: 12571544 | G5: 263115 | H5: 78543 | I5: 98 | J5: 81 | K5: anthropic/claude-opus-5.5 | L5: 5.4024238
A6: r17-O2 | B6: anthropic/claude-opus-5-5 | C6: 4 | D6: 311 | E6: 630 | F6: 15261491 | G6: 1257295 | H6: 100082 | I6: 132 | J6: 120 | K6: anthropic/claude-opus-5.5 | L6: 11.342933
A7: r17-O3 | B7: anthropic/claude-opus-5-5 | C7: 2 | D7: 244 | E7: 492 | F7: 15820196 | G7: 1542897 | H7: 97394 | I7: 106 | J7: 112 | K7: anthropic/claude-opus-5.5 | L7: 12.828372
A8: r18-BUN1 | B8: opencode-go/space-bunny-free | C8: 4 | D8: 826 | E8: 3909565 | F8: 86007256 | G8: 0 | H8: 584717 | I8: 350 | J8: 362 | K8: stealth/space-bunny-alpha | L8: 0
A9: r18-DSK1 | B9: opencode-go/deepseek-v4.1-flash | C9: 4 | D9: 522 | E9: 7020996 | F9: 40720000 | G9: 0 | H9: 400857 | I9: 289 | J9: 172 | K9: deepseek/deepseek-v4.1-flash | L9: 0.40270339
A10: r18-GLM1 | B10: opencode-go/glm-5.3-flash | C10: 5 | D10: 531 | E10: 3635472 | F10: 29874432 | G10: 0 | H10: 186604 | I10: 195 | J10: 189 | K10: z-ai/glm-5.3-flash | L10: 1.5348558
A11: r18-MIMO1 | B11: opencode-go/mimo-v2.6-pro | C11: 3 | D11: 326 | E11: 4784381 | F11: 25242496 | G11: 0 | H11: 251723 | I11: 158 | J11: 79 | K11: xiaomi/mimo-v2.6-pro | L11: 2.3910777
A12: r18-MUSE1 | B12: opencode/muse-spark-1.3 | C12: 2 | D12: 88 | E12: 298624 | F12: 3370328 | G12: 0 | H12: 30130 | I12: 40 | J12: 30 | K12: meta/muse-spark-1.3 | L12: 1.0068817
A13: r18g-GEM1 | B13: google/gemini-3.8-flash | C13: 3 | D13: 336 | E13: 1984860 | F13: 31107408 | G13: 0 | H13: 111795 | I13: 46 | J13: 34 | K13: google/gemini-3.8-flash | L13: 4.2409663
... A21: r19-MUSEF1 | B21: opencode/muse-spark-1.3 | C21: 4 | D21: 349 | E21: 933773 | F21: 19911753 | G21: 0 | H21: 121367 | I21: 204 | J21: 155 | K21: meta/muse-spark-1.3 | L21: 4.669789
